figure,sha256,unchanged
Supp_Fig_S3.png,abc1d7cf1755910694386736725a79803be929467ea9e0f5bc3344cb5df62731,True
Figure_06.png,a016eade15c58d5777de82349d0fac546a6da0e49aa57c4f45f2b9276c0fc0a6,True
Figure_03.png,1efe75998c18801a594fa58f53f079b8da84e75ce62a13363b67e483eb39c367,True
Figure_18a1.png,a03c056e7c3ff699b6cdccf3e539df26e078c565b185365e0f12b66faaa327a6,True
Supp_Fig_S1.png,a9345439e8270e2493e33bdd80bb23bd5b4b4386f4566f20d2b966144f9111fd,True
Figure_12.png,3cb5b8d487b4d134f8518b65dd6db96ead1691c75d8fcd1abe2cf2c213a9303c,True
R7_Fig4_cycle_transfer.pdf,423e533a83ab8cf762e3f88be35a1f162ac39971b38fe345a9f1c5ffeb9d407b,True
Figure_18b.png,12c6edbc3ecb0e53aa343da2629ce60f0621f2c3c83abaaaabfeb2f7da972960,True
Figure_10.png,4956d848dc7fadc06a8a076c50ed958fe8a83a0af2bb040f9841c29506085bd8,True
Figure_14a.png,ab5e79f96d8d18124902509d39c829ff7941bc11fe21bd4681f3ea2f6df7a05d,True
Figure_14b.png,aea652add581fe71065ca01e40daa78008c199d5e599aacef2df95b8cda8c9ca,True
Figure_19.png,72ccefde4313bddf471f920fb14a9c703c02262427581dd318ec89836b83750e,True
Figure_Conditional95CI.png,db746dad43cc1f00aebd6424aeb88a8bff81e2e01fcf8643a61f4b9f46ba9c5a,True
Figure_28.png,f98f12fc102e45b6143b58ee230bca376f5f070b0db6719d457890fd5022b5e9,True
Figure_18a2.png,ea648114708c444ca5385198fde7f13b3d449279e0f00450aad5eaab6054f933,True
Figure_25.png,1d7e5bb7b75c98a7eee6b7470f35d90fb023527b37762efd5c3b7435a2f8eff1,True
Figure_09.png,dda85833d2cdd9c78deabc2e4b694d48caa1df3eac834427d224196a3ce3b312,True
Figure_05.png,31883cc55eba05f9d173deb48bd53a43ac1af509ee7aceba2d9e4d46c3109924,True
Figure_01a.png,7dad14a168a7cb70cf971ced1a9ae7a620b159d041020651bb39449cd6f6c603,True
Figure_27.png,1075bce69e3741a4b60fceab0c61c74d637c1da2c47c1e8dbb58934c4cbc68c1,True
Figure_29.png,e02505ad8a5cb97c0d839b2aad9868309b174e8cebf9851e55919d2a64557dbb,True
Figure_17.png,0bd95e20d009a2f7c5d199861c86519cb78e8c72f7ae31036c3c50c435e677ec,True
R7_Fig2_heldout_force.pdf,61cf17bb40aa6850974d26b6b932e6981b22c12f930e37cfd70e706d614e792a,True
R7_Fig1_heldout_joint.pdf,1aa88a3a962a8e3832d156a4898c0a237e5faeded956344d6b6e13d6e951de54,True
Figure_26.png,6a590c2efc627b49f7edc63e9527e9ab12206efebc8ebafe6a00bea1d1c72698,True
Figure_23.png,2086af46c68b15bcdcd3f44fdf30c13ad1f7c31178fc038bbf186b438a51a59b,True
Figure_18c.png,f8438e463b5968fd5edd55fe08388521e044ed3539de57c457eab5561b981103,True
Figure_32.png,9820d7f03d6e35eb21ef10900ed266a2c1d3bc37ed9295f64a9707c0c4f8b139,True
Figure_11.png,2ed38b3e8249a5f525b553312153c9dd2c4b150ff35a91d230855e3ea2aae2c3,True
Figure_21.png,4377456a252a9edfb5d542e1fd0c6007b198ad139d14d4d5ccf2eb01f975486e,True
Figure_31.png,a9345439e8270e2493e33bdd80bb23bd5b4b4386f4566f20d2b966144f9111fd,True
Figure_20.png,78b1a318c041b062695beeb7d40b2584996f92dce9aea21d35a67340a359113c,True
Supp_Fig_S2.png,9820d7f03d6e35eb21ef10900ed266a2c1d3bc37ed9295f64a9707c0c4f8b139,True
Figure_30.png,87f7da378f9f2829d9bfc75fd6ec074cd31c6a5da8cc8f3bf5f2026494163ce9,True
Figure_04.png,eedb3faf9ec28f290bb3bd3bdc60f582f45bfe303a4b802aa450bdbb1365a702,True
Figure_15.png,1564a0f2d9dd0c6991d51f6ec043a83a1f7a1f7696919e1c85f06bc2a61b6b79,True
Figure_13.png,680d2356b42c46ce06172bce8cd0f34155965d8f618fb5cb3cdefb3b07b0afe9,True
Figure_08.png,c3b004d31a38e86dca11ce407a535486731fe08c682f798c42e5cf2325d76105,True
Figure_16.png,caa13e418737e7d9cedb356d3591e71c1916c73afa72c02e5e5a7ffeaf3b75af,True
R7_Fig3_paired_conditions.pdf,cc3395a938a4faacc30e148faeac2fea1ad9da746840c645b2b21f080f124c77,True
Figure_07.png,bba086278704805fc5975684670503fcb8ee57a379ee8c2c36c13cb53753bc38,True
Figure_02.png,187a57203ceb7addd13bce8c366650fad22fac5cd9dbefcc3fd6715c3df1d49c,True
Figure_01b.png,9e8f97ea410fb146a2e45cac4280a2692b4085133a387eb0b03d8ce818d9374e,True
Figure_22.png,255d6307c9353534c0b4ff19d90ede13e518062369892ce087e3b4c2ebe98a44,True
R7_Fig0_600point_trace.pdf,cd284940ec82c4a8b9fc2d86d29d0aa535f564fd169fa98f5285804a7c9af4e7,True
