model,rule,center,sigma,coefficient_u_position_norm,coefficient_intercept_position_norm,coefficient_u_force_norm,coefficient_intercept_force_norm
FCM-TS,1,0.07363326612783572,0.04457865900032617,1.875582439685775,0.03637290750387892,3.056343173590602,0.019218529584467958
FCM-TS,2,0.2421861066136056,0.047050946730403415,-1.874538479861632,0.8520025795967604,-2.826208643080655,1.199576187465896
FCM-TS,3,0.41387302634937434,0.04743221639766747,2.291634151377691,-0.5249165328154446,2.5376395203703654,-0.4852301009798708
FCM-TS,4,0.5861269736506259,0.047432216397667516,-0.16036766941454988,0.9862703257252624,-1.8493396119344376,1.9555953122401728
FCM-TS,5,0.7578138933863969,0.04705094673040335,-2.0235145174794447,2.32010043563725,-2.7256261475721977,2.7172438195670585
FCM-TS,6,0.9263667338721652,0.04457865900032589,-3.417727850854309,3.4334977750677407,-2.2790363684142463,2.2715799570781985
SC9-TS,1,0.0434056761268781,0.039283710065919304,2.861027872273007,6.80440323321263e-05,3.450133085956752,-0.002748385840593476
SC9-TS,2,0.1419031719532554,0.039283710065919304,2.76550842212068,-0.050157312322426234,3.3098390721898987,0.03958831574221847
SC9-TS,3,0.2437395659432387,0.039283710065919304,-1.6111929409461676,0.8187011182126219,-2.030621753297268,1.0415313159340314
SC9-TS,4,0.347245409015025,0.039283710065919304,1.6584464654038442,-0.3214614477533757,2.5020912217086724,-0.5304621746938452
SC9-TS,5,0.4390651085141903,0.039283710065919304,2.097877419957244,-0.41492892802331605,1.7717277287214386,-0.11610917348193153
SC9-TS,6,0.5325542570951586,0.039283710065919304,1.8317812410524001,-0.17268288922097502,0.5351343765692897,0.5994079938465584
SC9-TS,7,0.6243739565943239,0.039283710065919304,-4.808373764364144,3.870015291437181,-6.397631338846601,4.765306835441637
SC9-TS,8,0.7178631051752922,0.039283710065919304,-2.939547481562614,3.0372091655145987,-3.6603064350610715,3.4531470077569137
SC9-TS,9,0.8881469115191987,0.039283710065919304,-3.5148512902179414,3.5270733951900883,-2.5433401742539012,2.5220579187789864
SC16-TS,1,0.0467445742904841,0.022097086912079608,2.622107344448499,0.0049603873215361,3.490414934517433,-0.002722358478591376
SC16-TS,2,0.1268781302170283,0.022097086912079608,2.2920603790198397,0.022669482632026363,3.4478795327395813,0.022285484673094855
SC16-TS,3,0.2120200333889816,0.022097086912079608,1.564870229867083,0.20372821207128783,1.388746288417986,0.3990530383367493
SC16-TS,4,0.2554257095158598,0.022097086912079608,2.2374381421139344,-0.21227518306706275,2.157304911959955,-0.08413514170472573
SC16-TS,5,0.2988313856427379,0.022097086912079608,-0.7636046181691134,0.45884075059015955,-1.0492575240601372,0.6075978314278615
SC16-TS,6,0.3722871452420701,0.022097086912079608,2.441186150027023,-0.5853934925385172,3.0008620049874475,-0.6725904360707479
SC16-TS,7,0.4457429048414023,0.022097086912079608,3.11336632959076,-0.8600915299872794,2.580945884690562,-0.46578437889854146
SC16-TS,8,0.5191986644407346,0.022097086912079608,3.0474567029203894,-0.8078717858769281,1.671526013222097,0.007149338967110374
SC16-TS,9,0.5926544240400667,0.022097086912079608,-0.46628307256088924,1.245688608094429,-2.5634629717821884,2.4540756230709735
SC16-TS,10,0.649415692821369,0.022097086912079608,-1.6920309587659763,1.9289413928921129,-3.4814117872826618,2.9722659065831234
SC16-TS,11,0.7078464106844742,0.022097086912079608,-0.5866161812829778,1.3337658590156267,-1.1402199773548758,1.636277175331556
SC16-TS,12,0.7646076794657763,0.022097086912079608,-1.986954838161094,2.302062259042897,-2.400293798832017,2.4672422837852457
SC16-TS,13,0.8230383973288815,0.022097086912079608,-2.6042819742574035,2.7649441127008187,-2.699755903007125,2.6643465782580895
SC16-TS,14,0.8764607679465777,0.022097086912079608,-3.2357156556437796,3.2848438831584947,-2.297163297313289,2.2999318263974518
SC16-TS,15,0.9282136894824708,0.022097086912079608,-3.7901724331154165,3.7815847986060245,-1.706774133666985,1.7448466459280658
SC16-TS,16,0.979966611018364,0.022097086912079608,-3.9537488212357785,3.9545142855499686,-1.6031038685688623,1.6025886824395656
ANFIS-TS,1,0.13182316670559,0.03613459543814697,3.4287281295896124,-0.17530236319587028,2.2944897619751146,0.2351176059112719
ANFIS-TS,2,0.09131384373047172,0.03830039060325641,3.0893169978326798,0.0038294265395316454,2.944531582463687,-0.0026744658364561634
ANFIS-TS,3,0.24612697730939775,0.02650798841007138,-2.501522684162003,1.0165097062447768,-3.4071472663353775,1.3574373013284982
ANFIS-TS,4,0.42703228255410575,0.03537895572224815,1.789391930019889,-0.5412195093545096,2.8720904893028583,-0.8338489612554295
ANFIS-TS,5,0.4621244339147935,0.03901570503795478,-2.1535044226284477,2.447881170356543,-2.698539958760668,2.700948096585061
ANFIS-TS,6,0.4589557821528047,0.03552362640287358,2.8808969783439045,-1.448712709811414,2.6597326414502023,-1.0671746511193498
ANFIS-TS,7,0.6451352838918161,0.025083262044865568,-2.573216860657251,2.501176413391216,-3.9699689103279505,3.290141798224911
ANFIS-TS,8,0.7414159915668576,0.03708269849941906,-2.728921571209126,2.871950588188836,-3.500291075571968,3.321814770693872
ANFIS-TS,9,0.9557678664804129,0.03885035914094776,-3.5872865670254894,3.5952305969960605,-2.4278852408397036,2.413281333133261
