model,seed,subset,n,nrmse_joint,nrmse_force,nmae_joint,nmae_force,nmax_joint,r2_force,opt_iters,opt_converged,fcm_iters,design_rank,n_columns,condition,termination
FCM-TS,0,train,420,0.033493117831304646,0.03456087086699319,0.02407660021274679,0.02481516975329392,0.10771715507074879,0.9826619753749519,0,True,233,12,12,54.790488844135545,
FCM-TS,0,test,180,0.03630649697082166,0.0376481242545505,0.026482044348592502,0.02738661068595797,0.10457986742147611,0.9810350447402107,0,True,233,12,12,54.790488844135545,
SC9-TS,0,train,420,0.006380045049808224,0.007405009917205125,0.004571462760640797,0.005616553190600715,0.022621835212453808,0.9992040577658542,0,True,0,18,18,160.50564562980762,
SC9-TS,0,test,180,0.0071435822404741596,0.008474215289480752,0.0052321953821721605,0.006327133661501719,0.02485209902391619,0.9990391311322115,0,True,0,18,18,160.50564562980762,
SC16-TS,0,train,420,0.006694660906159014,0.007406269176768187,0.004219796789974988,0.004591061389824535,0.02729109980638391,0.999203787034794,0,True,0,32,32,500.06232277437283,
SC16-TS,0,test,180,0.007068450068591902,0.007824718065749834,0.004621470828390723,0.004988651476147067,0.02801431032468028,0.9991807762530088,0,True,0,32,32,500.06232277437283,
ANFIS-TS,0,train,420,0.0030405659033486384,0.0033227746379656214,0.0019427625334987352,0.0021581612093030675,0.01870250060331749,0.9998397374551813,46,False,0,18,18,1095.5345807909262,STOP: TOTAL NO. OF ITERATIONS REACHED LIMIT
ANFIS-TS,0,test,180,0.0034389119863548483,0.0038557396209817772,0.002197110251146303,0.00244641893001521,0.018759888489396234,0.9998010790463868,46,False,0,18,18,1095.5345807909262,STOP: TOTAL NO. OF ITERATIONS REACHED LIMIT
FCM-TS,1,train,420,0.02589096119011846,0.027279203714520823,0.018057181962437083,0.019847842197144205,0.08559788216092827,0.9891633889283854,0,True,206,12,12,56.76146247329286,
FCM-TS,1,test,180,0.029924634710418997,0.0316460482107466,0.020735044945920288,0.022470510597787003,0.0815291697907017,0.9866980615435473,0,True,206,12,12,56.76146247329286,
SC9-TS,1,train,420,0.01287108417355955,0.014546380735795873,0.008371089324837913,0.008811827284275434,0.054273618946430006,0.9969186572463726,0,True,0,18,18,328.595577176283,
SC9-TS,1,test,180,0.01393641821880997,0.015757957025758565,0.009009421010552339,0.009434701452757072,0.05576777370945614,0.9967018091162294,0,True,0,18,18,328.595577176283,
SC16-TS,1,train,420,0.005433345063018085,0.006408839434524212,0.0032958286466140533,0.003959197356988328,0.024926924024739467,0.999401879220411,0,True,0,32,32,583.1202630455832,
SC16-TS,1,test,180,0.005609696004325094,0.0066575997258213815,0.003550315028708557,0.004290967213260859,0.024208472736189503,0.9994112765640816,0,True,0,32,32,583.1202630455832,
ANFIS-TS,1,train,420,0.003022936268054647,0.0030951487327530304,0.0021311845557009652,0.002119932438594276,0.013723415508773757,0.9998604939137218,46,False,0,18,18,876.1382212110377,STOP: TOTAL NO. OF ITERATIONS REACHED LIMIT
ANFIS-TS,1,test,180,0.0033705194668082537,0.003580498582844672,0.0023079330056247813,0.00235669183605528,0.017351315097072013,0.9998297202610221,46,False,0,18,18,876.1382212110377,STOP: TOTAL NO. OF ITERATIONS REACHED LIMIT
FCM-TS,2,train,420,0.019988056594750264,0.02106726092434732,0.014601794726181937,0.015963204366495776,0.0606587803251591,0.9937596740015102,0,True,202,12,12,56.209894306466985,
FCM-TS,2,test,180,0.02172681446264014,0.023159135090383507,0.01596371769094226,0.017734010843050933,0.06089108782039475,0.9923014499426512,0,True,202,12,12,56.209894306466985,
SC9-TS,2,train,420,0.013998485208245672,0.01499303101211919,0.010649719837974568,0.011248510800878969,0.04665301625160466,0.996839396560537,0,True,0,18,18,268.3827527354286,
SC9-TS,2,test,180,0.014572982321690532,0.01549202590942456,0.01089480697955601,0.011534596116791846,0.040878686615135315,0.9965550676710654,0,True,0,18,18,268.3827527354286,
SC16-TS,2,train,420,0.0068557452948665425,0.007294564714665863,0.003995206452467334,0.004425080062572839,0.041091515366933534,0.9992518479111101,0,True,0,32,32,804.7740483232866,
SC16-TS,2,test,180,0.008787142827141096,0.009352543087949848,0.0050399036961411925,0.005459638201074243,0.03882389805446186,0.9987444798090421,0,True,0,32,32,804.7740483232866,
ANFIS-TS,2,train,420,0.0030415534791854203,0.003345205432941807,0.0019178119317642657,0.002162787885617527,0.017459191885932073,0.9998426608800548,46,False,0,18,18,1943.0135245709612,STOP: TOTAL NO. OF ITERATIONS REACHED LIMIT
ANFIS-TS,2,test,180,0.0034130276008539407,0.003746016114455134,0.002133757433115166,0.002329758437859899,0.015547909052337583,0.9997985795562384,46,False,0,18,18,1943.0135245709612,STOP: TOTAL NO. OF ITERATIONS REACHED LIMIT
FCM-TS,3,train,420,0.04045528266159831,0.04267764153239461,0.029455984844770383,0.03107441667187566,0.12113446468998514,0.9741981515307203,0,True,500,12,12,52.15782906261459,
FCM-TS,3,test,180,0.04173347088439474,0.04379604121462993,0.03131606405640115,0.03263950863695194,0.12028468524301197,0.9729863446084187,0,True,500,12,12,52.15782906261459,
SC9-TS,3,train,420,0.013940171206218856,0.016529842077833253,0.009035703846779236,0.010973216644005626,0.05547304310735643,0.9961293187679258,0,True,0,18,18,231.4778456783995,
SC9-TS,3,test,180,0.014607310013389515,0.017402413422539214,0.009444081170700757,0.011451638665560022,0.05884810631538184,0.99573486671493,0,True,0,18,18,231.4778456783995,
SC16-TS,3,train,420,0.005732181501724842,0.006197072685285655,0.0035718786273965645,0.003864118496516932,0.027528566393889866,0.9994559695882218,0,True,0,32,32,608.8768374332525,
SC16-TS,3,test,180,0.006196212650415083,0.006701199641441468,0.0036044785402142053,0.003960762773487404,0.028036767057994762,0.9993675608345303,0,True,0,32,32,608.8768374332525,
ANFIS-TS,3,train,420,0.0031167118113256537,0.0034095344295670005,0.0020837408514461754,0.0023087901948316996,0.015976367614815405,0.999835320265387,46,False,0,18,18,3389.2301375110633,STOP: TOTAL NO. OF ITERATIONS REACHED LIMIT
ANFIS-TS,3,test,180,0.0030703342578654157,0.0034578713094088028,0.0019118027315734223,0.002210619324147857,0.018990813936089895,0.9998316041841964,46,False,0,18,18,3389.2301375110633,STOP: TOTAL NO. OF ITERATIONS REACHED LIMIT
FCM-TS,4,train,420,0.030654955519960444,0.031658926891008375,0.021424524258802802,0.02201600923811676,0.09596169927562086,0.9859014236670133,0,True,207,12,12,52.989050759491306,
FCM-TS,4,test,180,0.03384530861001662,0.03428858773043798,0.0243666356434742,0.024733959229602365,0.09234797287477647,0.9831632834663765,0,True,207,12,12,52.989050759491306,
SC9-TS,4,train,420,0.010233191810690517,0.011204817138277702,0.007494580312892037,0.008118279819810989,0.03836085985086385,0.9982339929756082,0,True,0,18,18,346.3765939402772,
SC9-TS,4,test,180,0.010630081239807836,0.011610249390457022,0.007831819831003228,0.008594574642205388,0.0368964229220583,0.9980696267022581,0,True,0,18,18,346.3765939402772,
SC16-TS,4,train,420,0.005877958515101871,0.006447898614295094,0.0037937670395543923,0.004042747487726227,0.03132328500159375,0.9994151839538368,0,True,0,32,32,797.7827303122109,
SC16-TS,4,test,180,0.006799375354996128,0.007395067529574408,0.004267173559320521,0.004585997965998447,0.02765833658685646,0.9992168544351758,0,True,0,32,32,797.7827303122109,
ANFIS-TS,4,train,420,0.0022310421800926785,0.002396501387752475,0.001574720976468944,0.0016659982239543355,0.0124903515087077,0.9999192136010784,46,False,0,18,18,1146.32181467685,STOP: TOTAL NO. OF ITERATIONS REACHED LIMIT
ANFIS-TS,4,test,180,0.0028330285753715282,0.0029691001167011606,0.00200946696479466,0.0021114009187099565,0.009779152000699821,0.9998737568308151,46,False,0,18,18,1146.32181467685,STOP: TOTAL NO. OF ITERATIONS REACHED LIMIT
FCM-TS,5,train,420,0.04196603508841681,0.0444529462022625,0.030058333807217577,0.03186548080834293,0.14536818865068907,0.9728052493388213,0,True,172,12,12,49.208678542700326,
FCM-TS,5,test,180,0.050931000321562114,0.05414974173360935,0.03757436760318358,0.040057726764855466,0.1473204371252149,0.9546808019668812,0,True,172,12,12,49.208678542700326,
SC9-TS,5,train,420,0.02011661680113835,0.02147727378353471,0.014025402115553559,0.01529035516476019,0.07690509991827615,0.9936519215060602,0,True,0,18,18,330.83859409975435,
SC9-TS,5,test,180,0.019279793451080704,0.021189214996613717,0.013608278639527866,0.01524954798894211,0.0723262978545995,0.9930606439382523,0,True,0,18,18,330.83859409975435,
SC16-TS,5,train,420,0.007296150804704855,0.007879433983429987,0.0048601720062710135,0.005235278522204875,0.028838436368750324,0.9991455748490424,0,True,0,32,32,550.520927150782,
SC16-TS,5,test,180,0.008201721558957887,0.008909362584765084,0.005646829433229986,0.006104740101646683,0.02972447639515825,0.9987731747541843,0,True,0,32,32,550.520927150782,
ANFIS-TS,5,train,420,0.003136094390602097,0.0034756185472747804,0.0022243908623389066,0.002434384991503218,0.013726488914693543,0.9998337551525975,46,False,0,18,18,1026.3239255723652,STOP: TOTAL NO. OF ITERATIONS REACHED LIMIT
ANFIS-TS,5,test,180,0.0035819392280409053,0.00399593132709768,0.002493238901513075,0.002768661883735894,0.01629127450743753,0.9997532111872367,46,False,0,18,18,1026.3239255723652,STOP: TOTAL NO. OF ITERATIONS REACHED LIMIT
FCM-TS,6,train,420,0.042152633975195024,0.044691937876819327,0.03089827833773433,0.032704731824053056,0.12872492862968907,0.9719068522875157,0,True,279,12,12,51.93281565643906,
FCM-TS,6,test,180,0.04299425212029087,0.045073073021916536,0.032429087987964095,0.03389296634989259,0.11770979434685373,0.9708834880077518,0,True,279,12,12,51.93281565643906,
SC9-TS,6,train,420,0.018542852907558333,0.020123473081523926,0.013260572697378941,0.013846761856806035,0.07430845672109576,0.9943042895377734,0,True,0,18,18,392.8308888374819,
SC9-TS,6,test,180,0.018648770515485344,0.020165732603010533,0.013334833827691437,0.013760720607180667,0.0699106428793596,0.9941718191652367,0,True,0,18,18,392.8308888374819,
SC16-TS,6,train,420,0.006724499397582874,0.007355405216605872,0.004381964418869396,0.004831827092072883,0.026631187882353365,0.9992390515499917,0,True,0,32,32,672.780733823446,
SC16-TS,6,test,180,0.007796808531497518,0.008636630073581921,0.005283550027058376,0.005868537747282675,0.023479241810916242,0.9989309607604097,0,True,0,32,32,672.780733823446,
ANFIS-TS,6,train,420,0.003224580596897754,0.003557726586048591,0.002280363863298326,0.0024532477894841573,0.01795074529737521,0.9998219724692402,46,False,0,18,18,653.4583634735967,STOP: TOTAL NO. OF ITERATIONS REACHED LIMIT
ANFIS-TS,6,test,180,0.002741750297044404,0.003018173019643494,0.001999529183015172,0.0021552115837325525,0.012967616728608255,0.9998694450703381,46,False,0,18,18,653.4583634735967,STOP: TOTAL NO. OF ITERATIONS REACHED LIMIT
FCM-TS,7,train,420,0.029067343737277106,0.030122337131864168,0.020599812626807223,0.02166494225773984,0.08512887367003215,0.9870946040780904,0,True,339,12,12,57.36370257382802,
FCM-TS,7,test,180,0.029342803280977634,0.0299508653829634,0.020763637993658,0.021301735623910974,0.07982052301745227,0.9874687631520193,0,True,339,12,12,57.36370257382802,
SC9-TS,7,train,420,0.01865891277169485,0.020399638580141478,0.01317603551022692,0.01473056859442632,0.06441343306857122,0.9940811279857082,0,True,0,18,18,637.299039731382,
SC9-TS,7,test,180,0.018151829064894126,0.019550916068244495,0.012911188820696659,0.014267286124243479,0.055931917185744896,0.99466039156098,0,True,0,18,18,637.299039731382,
SC16-TS,7,train,420,0.008650939411326752,0.009743312625008957,0.005765631841119642,0.006527734251759087,0.03277307622976355,0.9986497714766429,0,True,0,32,32,1162.176995109162,
SC16-TS,7,test,180,0.008375983157750046,0.009343098553019652,0.00576955957918044,0.006484038712934032,0.024031700664614887,0.998780569514812,0,True,0,32,32,1162.176995109162,
ANFIS-TS,7,train,420,0.0031432965938511014,0.0034747969579079835,0.0020880728218098986,0.0023605522249624225,0.017490918637905317,0.9998282673513198,46,False,0,18,18,9218.320835172224,STOP: TOTAL NO. OF ITERATIONS REACHED LIMIT
ANFIS-TS,7,test,180,0.002924004867716757,0.003179662284901713,0.002045594257929131,0.002266081071087073,0.012240920206626671,0.9998587666764035,46,False,0,18,18,9218.320835172224,STOP: TOTAL NO. OF ITERATIONS REACHED LIMIT
FCM-TS,8,train,420,0.03264909620265685,0.033863930777459646,0.023196236541682895,0.02399503937755368,0.09321945167011342,0.9836559798608279,0,True,188,12,12,52.58040802528535,
FCM-TS,8,test,180,0.035042259716368186,0.03624874287774055,0.024997026952150034,0.025800772248015524,0.0959308636134612,0.9817452685528814,0,True,188,12,12,52.58040802528535,
SC9-TS,8,train,420,0.011527346845210795,0.012983805513020303,0.008364855131087012,0.009281163989786114,0.03728377397334402,0.997597363024892,0,True,0,18,18,374.63469008053767,
SC9-TS,8,test,180,0.010210474535856245,0.011408568846098978,0.0074237494873609375,0.00815253558922285,0.040785779643435,0.9981917774371619,0,True,0,18,18,374.63469008053767,
SC16-TS,8,train,420,0.008570272639223034,0.009531907219679264,0.005687943859541834,0.006530836204240019,0.034222748166705556,0.9987050775323649,0,True,0,32,32,655.2694169606866,
SC16-TS,8,test,180,0.008399593008163918,0.009424921090504633,0.005643051051201659,0.006583081889037386,0.03600828775682712,0.9987659152246586,0,True,0,32,32,655.2694169606866,
ANFIS-TS,8,train,420,0.0030882216270357306,0.0030519679170288826,0.002151740526388727,0.0020705940240300846,0.013266375453787864,0.9998672470804076,46,False,0,18,18,1745.5082355666002,STOP: TOTAL NO. OF ITERATIONS REACHED LIMIT
ANFIS-TS,8,test,180,0.003207905036483886,0.003434444619646683,0.002171594561808474,0.0021963245029991457,0.014654028959491708,0.9998361288186667,46,False,0,18,18,1745.5082355666002,STOP: TOTAL NO. OF ITERATIONS REACHED LIMIT
FCM-TS,9,train,420,0.03282559134861239,0.033865012316779554,0.022990145837708833,0.023679190525055772,0.10234525165334692,0.9838026497567222,0,True,343,12,12,52.701676650478184,
FCM-TS,9,test,180,0.03522307184976187,0.0366786552897429,0.024478303773006645,0.0252922962706313,0.09969494588676983,0.9808946529925489,0,True,343,12,12,52.701676650478184,
SC9-TS,9,train,420,0.023208492134705123,0.024740082263870977,0.017425567297571855,0.018372459730020187,0.07179806639890318,0.9913554224194181,0,True,0,18,18,344.7536318458777,
SC9-TS,9,test,180,0.02322161088879737,0.024683183339798628,0.017510087142005474,0.018343127359667737,0.06539131695650446,0.991347722143623,0,True,0,18,18,344.7536318458777,
SC16-TS,9,train,420,0.006406083596592232,0.00711608574476213,0.004121778868214848,0.004648402126304396,0.028373067210033378,0.9992848060329561,0,True,0,32,32,555.3903530173648,
SC16-TS,9,test,180,0.006570276419071932,0.007283597698281771,0.004327772363256775,0.004838529498465757,0.022262734618957426,0.9992466097080287,0,True,0,32,32,555.3903530173648,
ANFIS-TS,9,train,420,0.0031621170835060587,0.0034922676672291407,0.00214492155688137,0.002444323232752577,0.015647805999410944,0.9998277510656782,46,False,0,18,18,353.9339858063307,STOP: TOTAL NO. OF ITERATIONS REACHED LIMIT
ANFIS-TS,9,test,180,0.00318802314289476,0.003570268803918772,0.002130435179175764,0.0024996933532134787,0.018663247132526473,0.9998189785872106,46,False,0,18,18,353.9339858063307,STOP: TOTAL NO. OF ITERATIONS REACHED LIMIT
