seed,budget,n_test,nrmse_joint,nrmse_force,nmae_joint,nmae_force,nmax_joint,r2_force,opt_iters,opt_converged,termination,fcm_iters,design_rank,n_columns,condition,signed_area_measured_Nmm,signed_area_pred_Nmm,loop_area_error_pct,closure_error_pct,predicted_endpoint_chord_pct,observed_endpoint_chord_pct
-1,46,600,0.003872232848337007,0.0042489057189944715,0.0026630269628112476,0.002893939289126064,0.017574203931143728,0.9997447074161405,46,False,STOP: TOTAL NO. OF ITERATIONS REACHED LIMIT,0,18,18,3729.1399176601326,0.8749578673406824,0.8526250530051124,2.5524445426666773,1.332664825449023,1.332664825449023,0.0
-1,150,600,0.0036823094953859063,0.004057853148053448,0.002374956355861123,0.002520473735075491,0.01817867578452858,0.9997671497748682,150,False,STOP: TOTAL NO. OF ITERATIONS REACHED LIMIT,0,18,18,1520.71412684111,0.8749578673406824,0.8495864716937476,2.8997277004946276,1.386264149929649,1.386264149929649,0.0
0,46,180,0.0034389119863548483,0.0038557396209817772,0.002197110251146303,0.00244641893001521,0.018759888489396234,0.9998010790463868,46,False,STOP: TOTAL NO. OF ITERATIONS REACHED LIMIT,0,18,18,1095.5345807909262,,,,,,
0,150,180,0.0016507260983690364,0.0017071814126528781,0.001184148240212799,0.001188965122066338,0.005456830059956893,0.9999610036029715,150,False,STOP: TOTAL NO. OF ITERATIONS REACHED LIMIT,0,18,18,617.8007746909562,,,,,,
1,46,180,0.0033705194668082537,0.003580498582844672,0.0023079330056247813,0.00235669183605528,0.017351315097072013,0.9998297202610221,46,False,STOP: TOTAL NO. OF ITERATIONS REACHED LIMIT,0,18,18,876.1382212110377,,,,,,
1,150,180,0.0026233595603259155,0.0025847211731587897,0.0017337089503936,0.0017314819371962334,0.009005300777957649,0.9999112632815181,150,False,STOP: TOTAL NO. OF ITERATIONS REACHED LIMIT,0,18,18,300.494614347477,,,,,,
2,46,180,0.0034130276008539407,0.003746016114455134,0.002133757433115166,0.002329758437859899,0.015547909052337583,0.9997985795562384,46,False,STOP: TOTAL NO. OF ITERATIONS REACHED LIMIT,0,18,18,1943.0135245709612,,,,,,
2,150,180,0.0031900392357103184,0.0034696832297125856,0.0020755903854028407,0.00223177438248645,0.013658891261412048,0.999827199927686,150,False,STOP: TOTAL NO. OF ITERATIONS REACHED LIMIT,0,18,18,574.3040285588993,,,,,,
3,46,180,0.0030703342578654157,0.0034578713094088028,0.0019118027315734223,0.002210619324147857,0.018990813936089895,0.9998316041841964,46,False,STOP: TOTAL NO. OF ITERATIONS REACHED LIMIT,0,18,18,3389.2301375110633,,,,,,
3,150,180,0.003036880843260345,0.0032410756387897988,0.0019528884278528296,0.002067311666543316,0.016679775417042277,0.9998520578326545,150,False,STOP: TOTAL NO. OF ITERATIONS REACHED LIMIT,0,18,18,462.82143625345407,,,,,,
4,46,180,0.0028330285753715282,0.0029691001167011606,0.00200946696479466,0.0021114009187099565,0.009779152000699821,0.9998737568308151,46,False,STOP: TOTAL NO. OF ITERATIONS REACHED LIMIT,0,18,18,1146.32181467685,,,,,,
4,150,180,0.0017566434010589994,0.0017856339430909424,0.001272416195429827,0.00124269910666227,0.00545141975589258,0.9999543392469198,150,False,STOP: TOTAL NO. OF ITERATIONS REACHED LIMIT,0,18,18,858.3039157299303,,,,,,
5,46,180,0.0035819392280409053,0.00399593132709768,0.002493238901513075,0.002768661883735894,0.01629127450743753,0.9997532111872367,46,False,STOP: TOTAL NO. OF ITERATIONS REACHED LIMIT,0,18,18,1026.3239255723652,,,,,,
5,150,180,0.002425317289694536,0.002377006831296692,0.0017182065376553793,0.0016844215661535073,0.007209804459429654,0.9999126726469723,150,False,STOP: TOTAL NO. OF ITERATIONS REACHED LIMIT,0,18,18,392.95722537217864,,,,,,
6,46,180,0.002741750297044404,0.003018173019643494,0.001999529183015172,0.0021552115837325525,0.012967616728608255,0.9998694450703381,46,False,STOP: TOTAL NO. OF ITERATIONS REACHED LIMIT,0,18,18,653.4583634735967,,,,,,
6,150,180,0.0022029444532030143,0.002134721799667106,0.0015904458874343734,0.0015710747906935811,0.006601321992034558,0.9999346888124886,150,False,STOP: TOTAL NO. OF ITERATIONS REACHED LIMIT,0,18,18,244.0836257487773,,,,,,
7,46,180,0.002924004867716757,0.003179662284901713,0.002045594257929131,0.002266081071087073,0.012240920206626671,0.9998587666764035,46,False,STOP: TOTAL NO. OF ITERATIONS REACHED LIMIT,0,18,18,9218.320835172224,,,,,,
7,150,180,0.0020548760296879957,0.0022211611936806086,0.0015115806991838202,0.0016297032030874136,0.006745063829861887,0.999931081575204,150,False,STOP: TOTAL NO. OF ITERATIONS REACHED LIMIT,0,18,18,529.2241381027119,,,,,,
8,46,180,0.003207905036483886,0.003434444619646683,0.002171594561808474,0.0021963245029991457,0.014654028959491708,0.9998361288186667,46,False,STOP: TOTAL NO. OF ITERATIONS REACHED LIMIT,0,18,18,1745.5082355666002,,,,,,
8,150,180,0.003066569071697942,0.0034079376591906016,0.0020191848383621347,0.0021608502756544955,0.015826930309306805,0.9998386485649506,150,False,STOP: TOTAL NO. OF ITERATIONS REACHED LIMIT,0,18,18,888.4105988626479,,,,,,
9,46,180,0.00318802314289476,0.003570268803918772,0.002130435179175764,0.0024996933532134787,0.018663247132526473,0.9998189785872106,46,False,STOP: TOTAL NO. OF ITERATIONS REACHED LIMIT,0,18,18,353.9339858063307,,,,,,
9,150,180,0.003090929304095348,0.003478891891098534,0.001975885527187837,0.002293827783437278,0.017442643472736195,0.9998281260786549,129,True,CONVERGENCE: RELATIVE REDUCTION OF F <= FACTR*EPSMCH,0,18,18,1203.2465475901213,,,,,,
