scenario,model,n_experiments,mean_force_nrmse,median_force_nrmse,mean_pair_nrmse,mean_force_r2
early_plus_middle_to_late,ANFIS-TS,3,0.051726626668959684,0.044180702652569216,0.0418293060306204,0.9768540084905045
early_plus_middle_to_late,FCM-TS,3,0.05174035809308774,0.044198158826444976,0.04193211808181272,0.9768423359190814
early_plus_middle_to_late,SC16-TS,3,0.05178515818077376,0.04425714247509725,0.04189749465474891,0.9768077959994051
early_plus_middle_to_late,SC9-TS,3,0.05262349491568902,0.045307393867181356,0.04277862915672536,0.9761223021532061
early_plus_middle_to_late,unfitted_phase_template,3,0.05170827240645407,0.04416864639501781,0.04180522932468712,0.9768697712716142
early_to_late,ANFIS-TS,3,0.09311836027801935,0.07081023056173362,0.07183265259677192,0.9210191171794105
early_to_late,FCM-TS,3,0.09312308773313126,0.07081664802150221,0.07182723905289883,0.9210138325409402
early_to_late,SC16-TS,3,0.09314938341779405,0.07085229356716834,0.07186545776623701,0.9209792502117727
early_to_late,SC9-TS,3,0.09361723974136728,0.0714892467266962,0.07235921139449185,0.9203382839015615
early_to_late,unfitted_phase_template,3,0.09310750241875532,0.07079955756441382,0.07181950540647808,0.9210365897990077
early_to_middle,ANFIS-TS,3,0.0858415975102567,0.06322252600167798,0.0644239920865075,0.9292945132468042
early_to_middle,FCM-TS,3,0.08584286121894004,0.0632171610768666,0.06441958288762971,0.9292931197514074
early_to_middle,SC16-TS,3,0.08587633505001561,0.06326160374507772,0.06445770139427968,0.9292559491958611
early_to_middle,SC9-TS,3,0.08642569881084237,0.06382723625891774,0.06505270023046243,0.9286052800836436
early_to_middle,unfitted_phase_template,3,0.08582651076550156,0.06320339193748484,0.06440407409871339,0.9293151231038053
