experiment,method,seed,model,n_train,n_test,optimizer_iters,nrmse_pair,nrmse_force,nmae_force,r2_force
AF10,index,0,FCM-TS,400,171,0,0.005126974860267351,0.0024157117591399476,0.0018525495644866308,0.9999516761498007
AF10,index,0,SC9-TS,400,171,0,0.009154424561492543,0.00975494464320358,0.006225713804516037,0.9992120096098835
AF10,index,0,SC16-TS,400,171,0,0.0033018729023208326,0.0030765173906206382,0.002253191871361721,0.999921622744596
AF10,index,0,ANFIS-TS,400,171,33,0.0016455360195956942,0.00188780590457764,0.00148114065086976,0.9999704888602379
AF10,index,1,FCM-TS,400,171,0,0.0051075695848055444,0.00230036800454877,0.001749683589199476,0.9999594060589018
AF10,index,1,SC9-TS,400,171,0,0.010013389508510087,0.011172297427325667,0.007326926557309657,0.999042471833051
AF10,index,1,SC16-TS,400,171,0,0.003280719925628354,0.0030795497992934695,0.0023024201299732894,0.9999272486522472
AF10,index,1,ANFIS-TS,400,171,44,0.0024000408161835365,0.0029019231763559214,0.0017576210950675704,0.9999353991247071
AF10,index,2,FCM-TS,400,171,0,0.0053662576057748506,0.002195065930705187,0.0017401510602798743,0.9999612251334216
AF10,index,2,SC9-TS,400,171,0,0.009493378216226919,0.010486620344086706,0.006904603861806144,0.9991150346552303
AF10,index,2,SC16-TS,400,171,0,0.0033394429149241323,0.0029633166059238954,0.002183430482982642,0.9999293338740344
AF10,index,2,ANFIS-TS,400,171,46,0.0026038522932799713,0.0029794626911548534,0.0018142096351728071,0.9999285617056496
AF10,index,3,FCM-TS,400,171,0,0.005345386314889488,0.0024663676061695548,0.0017925619298075869,0.999949441404619
AF10,index,3,SC9-TS,400,171,0,0.01003521494742325,0.011267606166370455,0.007213898414639643,0.9989447807575097
AF10,index,3,SC16-TS,400,171,0,0.0032192683936433037,0.003105093255983016,0.0021629662453250802,0.9999198638118285
AF10,index,3,ANFIS-TS,400,171,28,0.0030965597252962077,0.003797516398389166,0.002289557909789059,0.9998801387781814
AF10,index,4,FCM-TS,400,171,0,0.005339419938090494,0.0022332205460571485,0.0015966402934502475,0.9999573553525293
AF10,index,4,SC9-TS,400,171,0,0.009721653331974785,0.010974197004204926,0.006741252593500512,0.9989702144264619
AF10,index,4,SC16-TS,400,171,0,0.003456971034366518,0.0032902135538533696,0.0022013208533142228,0.9999074344314056
AF10,index,4,ANFIS-TS,400,171,46,0.0009462725016496684,0.0009363156407704157,0.0007796024505002381,0.999992503719043
AF10,index,5,FCM-TS,400,171,0,0.005449331212682662,0.002130087794704781,0.0016578593604059195,0.9999613720406758
AF10,index,5,SC9-TS,400,171,0,0.008711052716746255,0.009075625453881972,0.006005766203169639,0.9992987709707121
AF10,index,5,SC16-TS,400,171,0,0.0031146867510695856,0.0027863641750785016,0.002079375586718098,0.9999339028836162
AF10,index,5,ANFIS-TS,400,171,46,0.0013457900294035225,0.0014281694806502806,0.001094549010797326,0.9999826353412117
AF10,index,6,FCM-TS,400,171,0,0.00520074372943488,0.0024614949916378064,0.0018734139638257462,0.9999508391584727
AF10,index,6,SC9-TS,400,171,0,0.01014914454057081,0.011471028850577391,0.007515688754977968,0.9989323567967164
AF10,index,6,SC16-TS,400,171,0,0.0032628915196346695,0.003103838479520302,0.0022553443086992513,0.9999218336880643
AF10,index,6,ANFIS-TS,400,171,46,0.0010266079436167517,0.0011481212498314147,0.0008783661028607294,0.9999893046030973
AF10,index,7,FCM-TS,400,171,0,0.0051782419306600795,0.0021845152357420064,0.0017100755221382115,0.9999625952999263
AF10,index,7,SC9-TS,400,171,0,0.008541181553518951,0.009278605818256269,0.00652721107167899,0.9993251900605471
AF10,index,7,SC16-TS,400,171,0,0.0031454989029163624,0.0028896973810073204,0.002146936443289308,0.999934548327388
AF10,index,7,ANFIS-TS,400,171,46,0.00247816641110861,0.0028695136808711864,0.0014872596941229012,0.9999354594562432
AF10,index,8,FCM-TS,400,171,0,0.005656152986325864,0.0024760388182780953,0.0018458271502378722,0.9999553597458652
AF10,index,8,SC9-TS,400,171,0,0.009994683653684595,0.010819266282133987,0.006908920506226693,0.9991476707756772
AF10,index,8,SC16-TS,400,171,0,0.0033447316243557946,0.002887769109569353,0.00220767985348975,0.9999392793106926
AF10,index,8,ANFIS-TS,400,171,46,0.002769289461802235,0.003423580225525546,0.0022191908906879568,0.9999146560423169
AF10,index,9,FCM-TS,400,171,0,0.00549191526667491,0.0025593955275643836,0.0018766971339371707,0.9999511741363695
AF10,index,9,SC9-TS,400,171,0,0.010550864073056769,0.011659747572645976,0.007564732605981098,0.9989866641278549
AF10,index,9,SC16-TS,400,171,0,0.0034458927749142824,0.0031806127924389614,0.0023363265571935657,0.999924595594004
AF10,index,9,ANFIS-TS,400,171,46,0.0014081256230381064,0.0015506472181368966,0.0012377451904445613,0.9999820773951755
AF19,index,0,FCM-TS,400,171,0,0.0033144879251191806,0.002215451081939269,0.0017888469036009915,0.9999587448578412
AF19,index,0,SC9-TS,400,171,0,0.009120812813079675,0.008749011469669006,0.005658767963632641,0.9993566138176397
AF19,index,0,SC16-TS,400,171,0,0.003005692255191411,0.0030684918270337523,0.002311060165619044,0.9999208586052927
AF19,index,0,ANFIS-TS,400,171,35,0.0014844092861532939,0.001387560947237271,0.0011235402433791611,0.9999838170424786
AF19,index,1,FCM-TS,400,171,0,0.003048366762553941,0.0019241862625141296,0.0015474903680879303,0.9999710131373712
AF19,index,1,SC9-TS,400,171,0,0.01037089354504732,0.009971725451663927,0.006692826488537704,0.9992215197154233
AF19,index,1,SC16-TS,400,171,0,0.0030244791020969768,0.0030892530239354614,0.0024308152531922617,0.9999252839414398
AF19,index,1,ANFIS-TS,400,171,46,0.0022706250138458278,0.0022491941534216594,0.0017724357605016108,0.9999603940089719
AF19,index,2,FCM-TS,400,171,0,0.003165992517056015,0.001931240647004124,0.001578756589702278,0.9999695025300562
AF19,index,2,SC9-TS,400,171,0,0.009753328726550284,0.009380426354969022,0.0063151491483363475,0.9992804910817128
AF19,index,2,SC16-TS,400,171,0,0.0029181328207512768,0.002938112594615258,0.002221293092191672,0.9999294124847313
AF19,index,2,ANFIS-TS,400,171,23,0.003236215539547477,0.0032117062534729123,0.0022660570782939223,0.9999156543557819
AF19,index,3,FCM-TS,400,171,0,0.003228688866262899,0.002118458663713211,0.0016519943442172005,0.9999620029857402
AF19,index,3,SC9-TS,400,171,0,0.01047595164072175,0.01007450454228583,0.006668696564214175,0.9991406761266919
AF19,index,3,SC16-TS,400,171,0,0.0030345744622013245,0.003146837232671162,0.0023082881574661247,0.9999161586923446
AF19,index,3,ANFIS-TS,400,171,37,0.0014566230438666345,0.001542288913360722,0.0012355243616860479,0.9999798608583437
AF19,index,4,FCM-TS,400,171,0,0.002964819548620198,0.001836261076416653,0.0013862354319045154,0.999970560902295
AF19,index,4,SC9-TS,400,171,0,0.01012344742610478,0.00971230229421641,0.006084535400713045,0.9991764309438468
AF19,index,4,SC16-TS,400,171,0,0.0031671461746709227,0.0031382794605171443,0.002199212175727339,0.9999140117982311
AF19,index,4,ANFIS-TS,400,171,23,0.0037569072073096945,0.0037409289065778893,0.0023948693720769547,0.9998778159412256
AF19,index,5,FCM-TS,400,171,0,0.0031426179183699104,0.0018939313538795762,0.001563319270861693,0.9999688945079043
AF19,index,5,SC9-TS,400,171,0,0.008558615685163782,0.0081652471873778,0.005550363936474086,0.9994218410111575
AF19,index,5,SC16-TS,400,171,0,0.0027330569666497977,0.002791838578384092,0.002158573917688517,0.9999324089462708
AF19,index,5,ANFIS-TS,400,171,46,0.002160181772812747,0.0020840888539249993,0.0016366441241662906,0.99996233473125
AF19,index,6,FCM-TS,400,171,0,0.003192525930477421,0.0020835677226468136,0.0016731885064266404,0.9999641699289297
AF19,index,6,SC9-TS,400,171,0,0.010586214959056473,0.0102414087788904,0.006864622288181175,0.9991343310713056
AF19,index,6,SC16-TS,400,171,0,0.0030071628680858145,0.0030691039176728514,0.0022535142037151254,0.9999222580168905
AF19,index,6,ANFIS-TS,400,171,46,0.003186002536196672,0.0030401054515589855,0.002055189485991691,0.9999237201686899
AF19,index,7,FCM-TS,400,171,0,0.002979624738132447,0.0018518769930112066,0.001568126280490718,0.9999726210343608
AF19,index,7,SC9-TS,400,171,0,0.008705223094046532,0.008305210862166195,0.005951263231848897,0.9994493266098139
AF19,index,7,SC16-TS,400,171,0,0.0028811986143352972,0.002965168137921633,0.0023032217414496446,0.9999298073863475
AF19,index,7,ANFIS-TS,400,171,30,0.00221100457955792,0.0021787543534248542,0.0018180334896491632,0.9999621026100857
AF19,index,8,FCM-TS,400,171,0,0.0033942755018155344,0.002340682105150046,0.0018258200649614417,0.9999596119905533
AF19,index,8,SC9-TS,400,171,0,0.010195218548001917,0.009769448385878088,0.006436132881461866,0.9992964294299345
AF19,index,8,SC16-TS,400,171,0,0.0029326859864388616,0.0029781901163741984,0.0023268055212846404,0.9999346158600644
AF19,index,8,ANFIS-TS,400,171,46,0.0023367457111614126,0.0022994255394263845,0.0018312429458733832,0.9999610231910113
AF19,index,9,FCM-TS,400,171,0,0.003304674776165533,0.00207154292459657,0.001558766799159793,0.9999674307885787
AF19,index,9,SC9-TS,400,171,0,0.010778577611866274,0.01030493743917748,0.006835866664422531,0.9991940463083386
AF19,index,9,SC16-TS,400,171,0,0.0030851645618270402,0.0030821512337479754,0.0023882755963915395,0.9999279013290334
AF19,index,9,ANFIS-TS,400,171,36,0.0015116752544906869,0.0014068090054698674,0.0011602488463973906,0.999984979318089
AF24,index,0,FCM-TS,400,171,0,0.0031068682663412364,0.0026565709257457973,0.0020269898521222446,0.9999408623437608
AF24,index,0,SC9-TS,400,171,0,0.008212878736872107,0.0077707710437230765,0.005223728819791471,0.9994940011797869
AF24,index,0,SC16-TS,400,171,0,0.003030533467243013,0.0031202402021182005,0.002313286355909278,0.9999184174390439
AF24,index,0,ANFIS-TS,400,171,33,0.0011610652988123511,0.0011566629684886603,0.0009306385219697282,0.9999887892429534
AF24,index,1,FCM-TS,400,171,0,0.002924751956580174,0.0023545636148261037,0.0017468346540517466,0.9999552441285109
AF24,index,1,SC9-TS,400,171,0,0.009235253418588187,0.008630982859816384,0.005901509157178972,0.9993986190464921
AF24,index,1,SC16-TS,400,171,0,0.0031063648892502814,0.0030811237764607436,0.002388293490654026,0.9999233614195675
AF24,index,1,ANFIS-TS,400,171,46,0.0012104970676711738,0.0012585348584077598,0.0010069856835238087,0.9999872132651684
AF24,index,2,FCM-TS,400,171,0,0.002940246996671549,0.002383064463922229,0.001908591457924143,0.9999532543525684
AF24,index,2,SC9-TS,400,171,0,0.008681330035097266,0.008199102909407683,0.005796637935323671,0.9994466469947808
AF24,index,2,SC16-TS,400,171,0,0.003048230580356742,0.00309672603131553,0.002352294381481838,0.9999210639904442
AF24,index,2,ANFIS-TS,400,171,36,0.0011246865895071362,0.001055732194738181,0.0008496057141407282,0.9999908256114473
AF24,index,3,FCM-TS,400,171,0,0.0031437983088557736,0.0025779148063885824,0.0018962102159481584,0.9999426452266518
AF24,index,3,SC9-TS,400,171,0,0.009406571408092273,0.009053226647243425,0.006148006900819479,0.9992926420610218
AF24,index,3,SC16-TS,400,171,0,0.0030891217301228144,0.0032298390695921038,0.002323237717185438,0.9999099685565017
AF24,index,3,ANFIS-TS,400,171,44,0.003158626876746499,0.0032505449194971158,0.0022973923118739486,0.9999088105093362
AF24,index,4,FCM-TS,400,171,0,0.0028317147627608895,0.002412509588677822,0.0018212348560264205,0.9999473839990971
AF24,index,4,SC9-TS,400,171,0,0.008855073506305204,0.008544600697726418,0.005552829453457769,0.9993399705945055
AF24,index,4,SC16-TS,400,171,0,0.0032227851809471264,0.003262830381489521,0.002250341606049434,0.9999037570923877
AF24,index,4,ANFIS-TS,400,171,46,0.0027644064876620367,0.0028864571770868207,0.0017089735517337272,0.99992468005789
AF24,index,5,FCM-TS,400,171,0,0.0028781311952378224,0.0022257976917630226,0.0018390365205124871,0.9999559961985972
AF24,index,5,SC9-TS,400,171,0,0.0076618239176790125,0.006992000843752131,0.0050483316779301474,0.9995657680602567
AF24,index,5,SC16-TS,400,171,0,0.0029329874516293725,0.002834749306444574,0.0021489514300741573,0.9999286246688832
AF24,index,5,ANFIS-TS,400,171,36,0.0026724571439740393,0.002636348467859773,0.002006303420117555,0.9999382659956018
AF24,index,6,FCM-TS,400,171,0,0.0030723227488627246,0.0026009336438510837,0.001899678441804064,0.9999434213040933
AF24,index,6,SC9-TS,400,171,0,0.009434766869184678,0.009026217907442579,0.00624542106165971,0.9993185939017034
AF24,index,6,SC16-TS,400,171,0,0.0031398261603040973,0.003206897876921536,0.0023222899593544756,0.9999139868904702
AF24,index,6,ANFIS-TS,400,171,46,0.0023420982116744804,0.002656750545390364,0.002089823462354914,0.999940966851723
AF24,index,7,FCM-TS,400,171,0,0.0029398588790134003,0.0023977000247279875,0.0019491240594649679,0.9999526851383903
AF24,index,7,SC9-TS,400,171,0,0.007872860298149278,0.00723131238200986,0.0053704243411988985,0.9995696298670647
AF24,index,7,SC16-TS,400,171,0,0.002954982619537569,0.002929912523848722,0.002226530598587577,0.9999293491832277
AF24,index,7,ANFIS-TS,400,171,46,0.0017979891084072826,0.0019970460115303476,0.0016697957442862712,0.9999671765655771
AF24,index,8,FCM-TS,400,171,0,0.0034096646110448486,0.002950391286283506,0.002117944074875822,0.9999353304823716
AF24,index,8,SC9-TS,400,171,0,0.009254187210238678,0.008709417011034979,0.0058874018637228905,0.9994364680307807
AF24,index,8,SC16-TS,400,171,0,0.0030312249079309486,0.0030895260404573263,0.002376415176708953,0.9999290872858284
AF24,index,8,ANFIS-TS,400,171,46,0.0011286311107300238,0.0010623574159110546,0.000834785874612987,0.999991615412605
AF24,index,9,FCM-TS,400,171,0,0.0033010459960843555,0.0028712072149109005,0.002008994505419752,0.9999357187150121
AF24,index,9,SC9-TS,400,171,0,0.009810952776054172,0.009435329181640658,0.006511678228610482,0.9993058240080972
AF24,index,9,SC16-TS,400,171,0,0.0032329167752156926,0.0033022995122730303,0.0024432459123308672,0.9999149668246013
AF24,index,9,ANFIS-TS,400,171,35,0.0012600676201062226,0.00104021103062765,0.0008187821874799354,0.9999915627991817
AF28,index,0,FCM-TS,400,171,0,0.0026294579584299127,0.0029454514040890547,0.0023836632887271423,0.9999260825185349
AF28,index,0,SC9-TS,400,171,0,0.010411125237818302,0.010680973260715798,0.0067103646277323495,0.9990280026228872
AF28,index,0,SC16-TS,400,171,0,0.0033418741868475616,0.003270122937801168,0.0023523535494610745,0.9999088888355442
AF28,index,0,ANFIS-TS,400,171,22,0.005133872073439685,0.0047010375771009754,0.0028791935547222217,0.9998117084273844
AF28,index,1,FCM-TS,400,171,0,0.002628736668727101,0.0029445958240264932,0.0024202042610552018,0.9999331487270214
AF28,index,1,SC9-TS,400,171,0,0.012241621370362674,0.012600808439562607,0.00831477379902446,0.9987757922725022
AF28,index,1,SC16-TS,400,171,0,0.0036090757956331663,0.0034693123607302642,0.002604786570999334,0.9999072006135805
AF28,index,1,ANFIS-TS,400,171,46,0.0034325236921372735,0.003428005614826822,0.0026055620438926483,0.9999093972568239
AF28,index,2,FCM-TS,400,171,0,0.002384590630013262,0.0026672462150078135,0.002159342448524751,0.9999411201434548
AF28,index,2,SC9-TS,400,171,0,0.01130329732967416,0.011607958784016775,0.00744217603532808,0.9988848013295306
AF28,index,2,SC16-TS,400,171,0,0.003336459557050326,0.003397549329592706,0.002618396145512101,0.9999044628964763
AF28,index,2,ANFIS-TS,400,171,46,0.0019139337788127311,0.0021552099211757194,0.00164851489174861,0.9999615567865151
AF28,index,3,FCM-TS,400,171,0,0.0025693707451896163,0.0028324298936418333,0.0022943659936246015,0.9999343982415677
AF28,index,3,SC9-TS,400,171,0,0.011715714528042542,0.012096184733481764,0.007745514778355971,0.9988035516266841
AF28,index,3,SC16-TS,400,171,0,0.0034000126245046533,0.0031660393536442517,0.0023287545065526286,0.9999180347515485
AF28,index,3,ANFIS-TS,400,171,46,0.001825521193358208,0.0019922214407169254,0.0016294096938890754,0.9999675456913928
AF28,index,4,FCM-TS,400,171,0,0.0026152094327300617,0.0029203686113487646,0.0022995994114679516,0.9999302732999711
AF28,index,4,SC9-TS,400,171,0,0.011729265895112032,0.012091454470965421,0.007747509554309391,0.9988046891607943
AF28,index,4,SC16-TS,400,171,0,0.00386586333105129,0.0037395992622120343,0.002660791260387591,0.9998856663946024
AF28,index,4,ANFIS-TS,400,171,46,0.002196634008843411,0.0021773560969765727,0.0016588259506801154,0.99996124009611
AF28,index,5,FCM-TS,400,171,0,0.002460872152795805,0.002840311826621243,0.002272769103219845,0.9999329447967814
AF28,index,5,SC9-TS,400,171,0,0.0100053854070161,0.010294158326868261,0.006876400646702159,0.999119190224742
AF28,index,5,SC16-TS,400,171,0,0.0032201309494764565,0.0030203448603309184,0.0022992365797311312,0.9999241748103792
AF28,index,5,ANFIS-TS,400,171,46,0.0021675201858248503,0.0022912089150058995,0.0017180211107569595,0.9999563655185041
AF28,index,6,FCM-TS,400,171,0,0.002689935815811407,0.002960096166178565,0.0023548943550139785,0.9999282179710013
AF28,index,6,SC9-TS,400,171,0,0.012269639021369724,0.012581781473253702,0.008272478098889488,0.9987031541253709
AF28,index,6,SC16-TS,400,171,0,0.003536131204043383,0.0034063734457453147,0.0025692020414637036,0.999904942014516
AF28,index,6,ANFIS-TS,400,171,19,0.005906517867719309,0.00566298988128088,0.0036785057285354922,0.9997372784725848
AF28,index,7,FCM-TS,400,171,0,0.0025319014299173244,0.002809846688931257,0.002305017342053396,0.9999382371654914
AF28,index,7,SC9-TS,400,171,0,0.009872289842670504,0.010160264130097444,0.0070575256440526275,0.9991924452679511
AF28,index,7,SC16-TS,400,171,0,0.003409716262033362,0.003368238895333434,0.0025294533776508807,0.9999112501263888
AF28,index,7,ANFIS-TS,400,171,18,0.004919564006061692,0.004399905972365417,0.002839693209613562,0.9998485571545148
AF28,index,8,FCM-TS,400,171,0,0.002672013266569328,0.002971297000876915,0.0024329558775954352,0.9999314383540108
AF28,index,8,SC9-TS,400,171,0,0.01141560483714119,0.0118134005598001,0.00757973727416921,0.9989162254059247
AF28,index,8,SC16-TS,400,171,0,0.0032974556640574335,0.0032539127799852056,0.002575067619687919,0.999917775560551
AF28,index,8,ANFIS-TS,400,171,46,0.0022394209446171404,0.002325794271360604,0.0017150292572545882,0.999957992029615
AF28,index,9,FCM-TS,400,171,0,0.0027625884113061023,0.0030621717460464874,0.0025155619041452065,0.999928404562811
AF28,index,9,SC9-TS,400,171,0,0.012304561791702405,0.012644400034999935,0.008153893439632394,0.9987792613082203
AF28,index,9,SC16-TS,400,171,0,0.003462140754111518,0.003313061567760915,0.0024255231836912763,0.9999161920401822
AF28,index,9,ANFIS-TS,400,171,16,0.005426135929815495,0.005455501004619896,0.003412700221081051,0.999772754372551
AF29,index,0,FCM-TS,400,171,0,0.0052198767624190385,0.0022739423115392017,0.001678895018262008,0.999956926131812
AF29,index,0,SC9-TS,400,171,0,0.009114773273989813,0.009779530529715155,0.006247175213021597,0.9992033069971309
AF29,index,0,SC16-TS,400,171,0,0.003605564146176805,0.003180869037383871,0.002280975126621234,0.9999157157228095
AF29,index,0,ANFIS-TS,400,171,33,0.00317979412093451,0.002679087638145062,0.00209539576801844,0.9999402099618967
AF29,index,1,FCM-TS,400,171,0,0.0055371805999125685,0.002187243249397886,0.0016432687516529081,0.9999637730329447
AF29,index,1,SC9-TS,400,171,0,0.010426811946875352,0.011183622537523322,0.007369085122026377,0.9990528847973781
AF29,index,1,SC16-TS,400,171,0,0.003637697166236184,0.003234151763106592,0.002341999600273562,0.9999207939059208
AF29,index,1,ANFIS-TS,400,171,46,0.0020437041029682133,0.0017222306347839174,0.0013019907260058727,0.9999775394479324
AF29,index,2,FCM-TS,400,171,0,0.005836813118282199,0.0021207112811148523,0.0015750671478025147,0.9999636131907441
AF29,index,2,SC9-TS,400,171,0,0.009747967213949186,0.010415236545471445,0.006795298902135118,0.9991223544469134
AF29,index,2,SC16-TS,400,171,0,0.003522607660786972,0.0030769116030111027,0.0021827227964741343,0.9999234031482228
AF29,index,2,ANFIS-TS,400,171,46,0.0029899000485601106,0.0019128030916334233,0.0012880937195275304,0.9999703979756843
AF29,index,3,FCM-TS,400,171,0,0.00572789498398797,0.0023384019361985206,0.0016581082095924642,0.9999560460246578
AF29,index,3,SC9-TS,400,171,0,0.010300220313853812,0.011072212633136375,0.006974868010134675,0.9990145634386985
AF29,index,3,SC16-TS,400,171,0,0.0037953140759817428,0.003241830866752137,0.002216623025815179,0.9999155225993256
AF29,index,3,ANFIS-TS,400,171,37,0.003060196531793008,0.002245382870520477,0.0014557089803887175,0.9999594733555072
AF29,index,4,FCM-TS,400,171,0,0.006273025639806317,0.0022042738099121804,0.0015821592033075217,0.9999608630570116
AF29,index,4,SC9-TS,400,171,0,0.010077370892315096,0.010876514248676136,0.006939972025235993,0.9990471264220157
AF29,index,4,SC16-TS,400,171,0,0.0039486104170213705,0.0035034185208066234,0.0023147046262833406,0.9999011356167373
AF29,index,4,ANFIS-TS,400,171,46,0.003733090616906267,0.0035812922266539805,0.0022655488290465433,0.9998966916706203
AF29,index,5,FCM-TS,400,171,0,0.005835178291951662,0.0019383555836597027,0.0015448143283783562,0.9999692594981151
AF29,index,5,SC9-TS,400,171,0,0.008351548881049938,0.008947361545821413,0.005928296542642578,0.9993450109676324
AF29,index,5,SC16-TS,400,171,0,0.003202123774536877,0.002855698520857981,0.0021044158963531663,0.999933278044276
AF29,index,5,ANFIS-TS,400,171,42,0.0034595769162463442,0.003135689686878142,0.002179559586673099,0.9999195529339551
AF29,index,6,FCM-TS,400,171,0,0.005594591128324854,0.0023074029335233307,0.001681618131704376,0.9999572830239647
AF29,index,6,SC9-TS,400,171,0,0.010661369309465197,0.011360322302061708,0.007430677659867247,0.9989645361869944
AF29,index,6,SC16-TS,400,171,0,0.003743386479591019,0.0032139361155374972,0.0022805672338328344,0.9999171241300906
AF29,index,6,ANFIS-TS,400,171,46,0.004191307823122758,0.004231910608308876,0.00280159069792934,0.9998563099846899
AF29,index,7,FCM-TS,400,171,0,0.005826232228149215,0.0019608055140001666,0.0015413576954615804,0.9999705120120097
AF29,index,7,SC9-TS,400,171,0,0.008238747159946123,0.009054106665350397,0.006312629498254155,0.9993712654661311
AF29,index,7,SC16-TS,400,171,0,0.0033122309804309775,0.0030047392299525568,0.0021843935627769706,0.9999307547996271
AF29,index,7,ANFIS-TS,400,171,45,0.0028479937359893247,0.0020235320817169208,0.0016140857332759741,0.9999685951813129
AF29,index,8,FCM-TS,400,171,0,0.005514356892232938,0.002222749714396136,0.0016457278693395938,0.9999626397024707
AF29,index,8,SC9-TS,400,171,0,0.009798846845387255,0.010638235160120137,0.0068704576219468065,0.999144207704193
AF29,index,8,SC16-TS,400,171,0,0.003406772831501672,0.002972093965507547,0.0022260507744249693,0.999933203413116
AF29,index,8,ANFIS-TS,400,171,39,0.003182055662852669,0.0025082401734808834,0.001931647705150689,0.9999524262442026
AF29,index,9,FCM-TS,400,171,0,0.005742019887312981,0.0023642131336333383,0.0017174051037045202,0.9999582411231844
AF29,index,9,SC9-TS,400,171,0,0.010664860985644713,0.01149548075904122,0.007445538303347392,0.9990127438779227
AF29,index,9,SC16-TS,400,171,0,0.003774467703274525,0.0032737126946974526,0.0023153858409864316,0.9999199324236122
AF29,index,9,ANFIS-TS,400,171,46,0.003941943849177396,0.0036878251169201385,0.0023442624936033155,0.9998983947395251
AF36,index,0,FCM-TS,400,171,0,0.0045046428441881175,0.0017235638746674004,0.0012952967623066748,0.9999753446918964
AF36,index,0,SC9-TS,400,171,0,0.008863496081751642,0.009966660177741374,0.00629014262599496,0.9991755677538745
AF36,index,0,SC16-TS,400,171,0,0.003092966341073919,0.0030557812889464245,0.002265778123245855,0.9999225002675914
AF36,index,0,ANFIS-TS,400,171,15,0.004797524036607119,0.004354457446465146,0.0028772988089440063,0.9998426293386437
AF36,index,1,FCM-TS,400,171,0,0.004021937749850817,0.0015868026346471424,0.0012173028144040628,0.9999807817456864
AF36,index,1,SC9-TS,400,171,0,0.00971353700560456,0.011522022595356712,0.007492203926291077,0.998986729134866
AF36,index,1,SC16-TS,400,171,0,0.0029664784297332982,0.00309068080838938,0.0023020271695911067,0.9999270917924714
AF36,index,1,ANFIS-TS,400,171,40,0.002333525669068996,0.001898461314458611,0.0013302219922608008,0.9999724912020211
AF36,index,2,FCM-TS,400,171,0,0.004072016050414829,0.0016344880865659173,0.0013055920820952717,0.9999784945345451
AF36,index,2,SC9-TS,400,171,0,0.009303666816195643,0.010859920216306808,0.0070001112450162085,0.9990506232382763
AF36,index,2,SC16-TS,400,171,0,0.0030250938136084597,0.0029445995087162206,0.0021673814849426654,0.999930202832522
AF36,index,2,ANFIS-TS,400,171,46,0.00217789168353896,0.0010689480735835118,0.0009042372470883284,0.9999908018911292
AF36,index,3,FCM-TS,400,171,0,0.004226996627899738,0.0017338986599149482,0.0012806291256276074,0.9999751321002666
AF36,index,3,SC9-TS,400,171,0,0.009856238007718348,0.011508961557397666,0.007342226114899478,0.998904369875857
AF36,index,3,SC16-TS,400,171,0,0.0031046592418180795,0.003096955656623423,0.0021664628640268176,0.9999206655784051
AF36,index,3,ANFIS-TS,400,171,45,0.0022276367549315386,0.0019762620873383235,0.001346542714835006,0.999967694180357
AF36,index,4,FCM-TS,400,171,0,0.004082840556983681,0.0016173309720017475,0.00117963735491884,0.9999778502792398
AF36,index,4,SC9-TS,400,171,0,0.009641527489467113,0.01128881129832561,0.006906500434358082,0.9989208871211969
AF36,index,4,SC16-TS,400,171,0,0.0031910664854788552,0.0033547649355701106,0.0022302575376229325,0.9999046996185798
AF36,index,4,ANFIS-TS,400,171,46,0.002639953762472268,0.002790041991503629,0.001632808365850019,0.999934083835633
AF36,index,5,FCM-TS,400,171,0,0.003986858528611007,0.0015779291131818348,0.0012447664231302889,0.9999789246439057
AF36,index,5,SC9-TS,400,171,0,0.008332139461291133,0.009401103943100451,0.006117596204578213,0.999251903449696
AF36,index,5,SC16-TS,400,171,0,0.002877876702272932,0.0028251434448166115,0.00210087299745593,0.9999324413518721
AF36,index,5,ANFIS-TS,400,171,46,0.0028000801268339114,0.003297741768601723,0.002346712480366068,0.9999079479990876
AF36,index,6,FCM-TS,400,171,0,0.004437641456210319,0.0017286039790259365,0.0012647809562278455,0.9999758092390534
AF36,index,6,SC9-TS,400,171,0,0.009942075739562725,0.011797796714246177,0.007692025720017991,0.9988731649936263
AF36,index,6,SC16-TS,400,171,0,0.003081390902865239,0.003082611290574958,0.002239341831000644,0.9999230699450633
AF36,index,6,ANFIS-TS,400,171,34,0.0017232122116220307,0.00130040343542373,0.0009549980134394855,0.9999863096443838
AF36,index,7,FCM-TS,400,171,0,0.003991364560658768,0.0015931706367955573,0.0012408400656935008,0.9999802290986626
AF36,index,7,SC9-TS,400,171,0,0.008294957107499478,0.009574764063723134,0.006669037610309807,0.9992859016260688
AF36,index,7,SC16-TS,400,171,0,0.002820952410555908,0.002935585510040261,0.0021933729759560667,0.9999328739097267
AF36,index,7,ANFIS-TS,400,171,30,0.0017263033044341506,0.0015797505590380457,0.0011387928122395313,0.9999805607763067
AF36,index,8,FCM-TS,400,171,0,0.0043946893966430945,0.0018628353944951442,0.0013030201811242228,0.9999746917839896
AF36,index,8,SC9-TS,400,171,0,0.009626617197688965,0.011066009222306206,0.007018148977944346,0.9991069112348825
AF36,index,8,SC16-TS,400,171,0,0.0029298224504404353,0.0029006894528295136,0.002217578831591106,0.9999386358048972
AF36,index,8,ANFIS-TS,400,171,41,0.0028507276811211473,0.0030570710382826784,0.0018020454020384927,0.9999318409337992
AF36,index,9,FCM-TS,400,171,0,0.0042721391063038515,0.001879997046024912,0.0013531222334365028,0.9999737557822516
AF36,index,9,SC9-TS,400,171,0,0.010155264234714656,0.011961808930494701,0.007703456242301087,0.9989375389425914
AF36,index,9,SC16-TS,400,171,0,0.0031280289630865672,0.0031972288364383278,0.0023585692751419258,0.9999240956367645
AF36,index,9,ANFIS-TS,400,171,46,0.002687446024914759,0.003058638417780919,0.0017502337317650187,0.9999305334745578
AF38,index,0,FCM-TS,400,171,0,0.004085642968696699,0.002969053035922735,0.002298198690932488,0.9999258215603319
AF38,index,0,SC9-TS,400,171,0,0.008281583139418246,0.00797685235639414,0.005289451064850804,0.9994645673006022
AF38,index,0,SC16-TS,400,171,0,0.003063866591481194,0.0031864036661610187,0.002269778799041715,0.9999145635156618
AF38,index,0,ANFIS-TS,400,171,38,0.0016146941069593577,0.001296867278272635,0.0010288297105688034,0.9999858475102826
AF38,index,1,FCM-TS,400,171,0,0.003866028637549371,0.0027102624807501374,0.002142332363324937,0.9999403160768169
AF38,index,1,SC9-TS,400,171,0,0.009224320591998555,0.008887588294961767,0.00609685991337981,0.9993581958613146
AF38,index,1,SC16-TS,400,171,0,0.0030376624258238697,0.003054984802823909,0.0023413540044211244,0.9999241679555166
AF38,index,1,ANFIS-TS,400,171,29,0.0026706559566533833,0.002626013730761297,0.001718840912322815,0.9999439689653803
AF38,index,2,FCM-TS,400,171,0,0.004013136426129093,0.0027193156770639443,0.002109922188524279,0.999938816151961
AF38,index,2,SC9-TS,400,171,0,0.008744665776930359,0.008324627719851634,0.005761722600070902,0.9994266138791589
AF38,index,2,SC16-TS,400,171,0,0.002990656608309501,0.0030180732910797914,0.002189848790294284,0.9999246337166574
AF38,index,2,ANFIS-TS,400,171,25,0.0029235694406014538,0.0027761239696729254,0.0018646240619720447,0.9999362331084969
AF38,index,3,FCM-TS,400,171,0,0.003995478840679711,0.0027923714060525025,0.002083229629804592,0.9999323826847657
AF38,index,3,SC9-TS,400,171,0,0.009334647974391607,0.009049392406986718,0.006030557216852304,0.9992898494948195
AF38,index,3,SC16-TS,400,171,0,0.0029677249092430248,0.0030811645096445513,0.0021649735076307353,0.9999176731815549
AF38,index,3,ANFIS-TS,400,171,36,0.0015491746607919513,0.0011080515950615407,0.0008969987609989513,0.9999893528952915
AF38,index,4,FCM-TS,400,171,0,0.0038590708417736283,0.00282799904883078,0.002141290001847624,0.9999272546658162
AF38,index,4,SC9-TS,400,171,0,0.008905798994129563,0.008824614995673842,0.005654184788405564,0.9992916658849386
AF38,index,4,SC16-TS,400,171,0,0.0032147823666371896,0.003337595869728381,0.002296646570418059,0.9998986755806095
AF38,index,4,ANFIS-TS,400,171,25,0.0035893895082861164,0.0033581478989187672,0.0019538247463152577,0.9998974238808779
AF38,index,5,FCM-TS,400,171,0,0.004043544041672338,0.002482907346406867,0.0020409428942632065,0.9999449202205414
AF38,index,5,SC9-TS,400,171,0,0.00783409532277581,0.0071257010726152765,0.005071688839345316,0.9995463443076277
AF38,index,5,SC16-TS,400,171,0,0.002882767858975397,0.002761510898054074,0.002085107732593882,0.9999318658741061
AF38,index,5,ANFIS-TS,400,171,17,0.0029934011418608817,0.0024272053359985814,0.0014771638072045108,0.9999473638395494
AF38,index,6,FCM-TS,400,171,0,0.003958929603047815,0.0028699936088201973,0.0022864819788135796,0.9999307600391425
AF38,index,6,SC9-TS,400,171,0,0.00920457559549405,0.009082476610347799,0.006142061368915443,0.9993065685565663
AF38,index,6,SC16-TS,400,171,0,0.003059003251908063,0.0030795635455900592,0.0022476249048296124,0.9999202788977976
AF38,index,6,ANFIS-TS,400,171,26,0.0020199297503503905,0.0016433923894386832,0.0013142329530527943,0.9999772973006782
AF38,index,7,FCM-TS,400,171,0,0.0038731065219866807,0.0027106647544054554,0.002260259878795238,0.9999390984395068
AF38,index,7,SC9-TS,400,171,0,0.007967123289320895,0.007439482766991914,0.005381366773290948,0.9995412645663072
AF38,index,7,SC16-TS,400,171,0,0.002812473361195438,0.002737778530769134,0.0020700766497153806,0.9999378739946052
AF38,index,7,ANFIS-TS,400,171,29,0.0028627771783194676,0.0025463456871047726,0.0015530476075348056,0.9999462582842303
AF38,index,8,FCM-TS,400,171,0,0.004116701387356882,0.0031392918713237113,0.002406301017870878,0.9999263457653702
AF38,index,8,SC9-TS,400,171,0,0.009106176564435452,0.008789517003667566,0.005799841177922177,0.9994226165233954
AF38,index,8,SC16-TS,400,171,0,0.002931521909379377,0.00292055102332908,0.0022306567177551055,0.9999362523872346
AF38,index,8,ANFIS-TS,400,171,35,0.001501812377626213,0.001342983350539202,0.001001727191142706,0.9999865204440058
AF38,index,9,FCM-TS,400,171,0,0.004040016310578799,0.002981026053787036,0.0022306389723024114,0.9999303330582233
AF38,index,9,SC9-TS,400,171,0,0.009624284458779891,0.009461190614919448,0.006403290183674041,0.9992982429447814
AF38,index,9,SC16-TS,400,171,0,0.0031142516501933702,0.003205936390123149,0.002370946918986631,0.9999194241296617
AF38,index,9,ANFIS-TS,400,171,31,0.0029263275295422974,0.0029642218755606474,0.0018721032963506907,0.9999311162758489
AF39,index,0,FCM-TS,400,171,0,0.012075980760681847,0.0017919224522593873,0.0014489660643589226,0.9999732323788068
AF39,index,0,SC9-TS,400,171,0,0.028136818716893868,0.009803688720245278,0.006532348406342786,0.9991987825815458
AF39,index,0,SC16-TS,400,171,0,0.005611403983802043,0.002752777826344812,0.0020720132215725556,0.9999368295925278
AF39,index,0,ANFIS-TS,400,171,46,0.004929216637293333,0.0026626080585854008,0.0020340136431984805,0.9999409002233366
AF39,index,1,FCM-TS,400,171,0,0.012934464293044156,0.0016698644236951825,0.0013073550923061383,0.9999785972433938
AF39,index,1,SC9-TS,400,171,0,0.03288514511875811,0.011261295118127394,0.00768592074634815,0.9990266165270137
AF39,index,1,SC16-TS,400,171,0,0.005959571630780147,0.00295488600100016,0.002124488418333666,0.9999329824187815
AF39,index,1,ANFIS-TS,400,171,46,0.005876451606403247,0.006181499441660618,0.004816393183608036,0.9997067115522821
AF39,index,2,FCM-TS,400,171,0,0.011902250117835243,0.0016726304897026387,0.001351478325056782,0.999977138297646
AF39,index,2,SC9-TS,400,171,0,0.031244326660762784,0.010588182504156803,0.007156556624476861,0.9990838820662475
AF39,index,2,SC16-TS,400,171,0,0.0056158250652798775,0.002682460525488064,0.0019630886890194318,0.999941200284144
AF39,index,2,ANFIS-TS,400,171,46,0.0036855409595948348,0.003885485629408843,0.0030814321455842654,0.9998766329550437
AF39,index,3,FCM-TS,400,171,0,0.01234177352410867,0.0017363634354785919,0.001301437016922357,0.9999763164744476
AF39,index,3,SC9-TS,400,171,0,0.0332036617658904,0.010815942980030269,0.007173374911588321,0.9990810458004225
AF39,index,3,SC16-TS,400,171,0,0.005398812255566794,0.002866026697043768,0.0021093817331728692,0.9999354753657117
AF39,index,3,ANFIS-TS,400,171,46,0.005239966189129841,0.004134876520580962,0.0026640415753151642,0.9998656956194062
AF39,index,4,FCM-TS,400,171,0,0.012924210554103624,0.0016098237300910673,0.0012103178534463863,0.9999800662330638
AF39,index,4,SC9-TS,400,171,0,0.03281927251900208,0.010818621857398646,0.007307053317960318,0.9990997220596199
AF39,index,4,SC16-TS,400,171,0,0.006607783680462744,0.0031335773274694936,0.002198295919206093,0.9999244710305774
AF39,index,4,ANFIS-TS,400,171,46,0.007320735000821606,0.005648630259321086,0.004159511602091868,0.9997545748739666
AF39,index,5,FCM-TS,400,171,0,0.012924388161498506,0.0015140531940073052,0.001235685340739355,0.9999819002225836
AF39,index,5,SC9-TS,400,171,0,0.027600828494147592,0.009416496323222948,0.00646925101379279,0.9992998845704176
AF39,index,5,SC16-TS,400,171,0,0.005527693650023853,0.0026251545961978404,0.001963695838594533,0.9999455872425309
AF39,index,5,ANFIS-TS,400,171,46,0.00454808283066131,0.004089652348913601,0.0027998942627092123,0.9998679422938549
AF39,index,6,FCM-TS,400,171,0,0.012607478291763848,0.001791496572627049,0.0013888023109091708,0.9999743733280007
AF39,index,6,SC9-TS,400,171,0,0.03349552497922193,0.011217987097838101,0.007612990741794553,0.9989951757227121
AF39,index,6,SC16-TS,400,171,0,0.0056916473506099415,0.0028598928754650314,0.0020928502999896102,0.9999346929932906
AF39,index,6,ANFIS-TS,400,171,46,0.0056721875743631365,0.0047721860404425455,0.003435045397708797,0.999818157673539
AF39,index,7,FCM-TS,400,171,0,0.012854758531860785,0.001536783902661306,0.001249862143785111,0.9999818487455037
AF39,index,7,SC9-TS,400,171,0,0.028638867254406408,0.009183575445964489,0.0065898829743491595,0.9993518065519245
AF39,index,7,SC16-TS,400,171,0,0.00599060344612655,0.0026715305785857406,0.0019934422899085323,0.9999451468794214
AF39,index,7,ANFIS-TS,400,171,46,0.004174554914121338,0.004291186486548152,0.0035884124097096937,0.9998584741351418
AF39,index,8,FCM-TS,400,171,0,0.011951653443207755,0.001788721991457479,0.0014249643935626464,0.9999742745166879
AF39,index,8,SC9-TS,400,171,0,0.03230045551340554,0.010503339571451374,0.007140844146986215,0.9991129815309492
AF39,index,8,SC16-TS,400,171,0,0.005697075848383114,0.002606922002267316,0.0019884096047879567,0.9999453570767598
AF39,index,8,ANFIS-TS,400,171,46,0.0036608279325248986,0.0028480950762198587,0.0023865471651592254,0.9999347790957435
AF39,index,9,FCM-TS,400,171,0,0.01250954663114678,0.001833282596249333,0.001401717673120865,0.9999739847511564
AF39,index,9,SC9-TS,400,171,0,0.034872697804504145,0.011255645490967872,0.0076173049062945785,0.999019359184188
AF39,index,9,SC16-TS,400,171,0,0.006083447286602928,0.0027858633059936557,0.002004110811370709,0.9999399256944198
AF39,index,9,ANFIS-TS,400,171,46,0.0054220783987557674,0.002498623808572232,0.001588193703130513,0.9999516751070092
AF40,index,0,FCM-TS,400,171,0,0.011415018478931302,0.0013242026759282036,0.001023041230268047,0.9999854236998809
AF40,index,0,SC9-TS,400,171,0,0.017717575424980144,0.00996319697263701,0.006541510734289689,0.9991748444745769
AF40,index,0,SC16-TS,400,171,0,0.008559761833478919,0.002903647777364646,0.002187109715731909,0.9999299148113173
AF40,index,0,ANFIS-TS,400,171,46,0.005616986129039186,0.004771102584684262,0.0036075331136632216,0.9998107761439543
AF40,index,1,FCM-TS,400,171,0,0.01166992300266944,0.0012494589963502362,0.0009880208830230467,0.9999882047576528
AF40,index,1,SC9-TS,400,171,0,0.018620930620272477,0.011525153711099306,0.007751050167738195,0.9989964100486898
AF40,index,1,SC16-TS,400,171,0,0.00784075890019135,0.0030851410966645466,0.0022625191674146557,0.9999280860881292
AF40,index,1,ANFIS-TS,400,171,46,0.004309315919905581,0.0037422632147130507,0.002789756750391062,0.9998941888309016
AF40,index,2,FCM-TS,400,171,0,0.011881523077514465,0.001232040731059493,0.0009999483882987686,0.9999877244439279
AF40,index,2,SC9-TS,400,171,0,0.017310610246448834,0.010813814117450726,0.007181872748644634,0.999054309899216
AF40,index,2,SC16-TS,400,171,0,0.008375040434983728,0.0028225887924998396,0.0020795666751378854,0.9999355702763761
AF40,index,2,ANFIS-TS,400,171,46,0.005400635775508777,0.0017315532721284218,0.001339581910292639,0.9999757527350717
AF40,index,3,FCM-TS,400,171,0,0.011992673799091313,0.001350772697739036,0.0010188791624573265,0.999985512213872
AF40,index,3,SC9-TS,400,171,0,0.020266812660852514,0.011122173111447784,0.007270762303120883,0.9990177618929581
AF40,index,3,SC16-TS,400,171,0,0.008661848014236122,0.0030218745535275007,0.0021890269519005807,0.9999274912628164
AF40,index,3,ANFIS-TS,400,171,46,0.004971578699576036,0.0020784868411317763,0.0014897920377573144,0.9999656970052402
AF40,index,4,FCM-TS,400,171,0,0.011869665709060817,0.0012677240412776872,0.000948089557857557,0.9999873345009331
AF40,index,4,SC9-TS,400,171,0,0.018745838116621224,0.011078225356415963,0.007324048239689951,0.9990328067759411
AF40,index,4,SC16-TS,400,171,0,0.009079873306732678,0.0032666019620302142,0.0022628507947567798,0.9999159059455838
AF40,index,4,ANFIS-TS,400,171,46,0.0025309053082448983,0.0011978712527639442,0.000858540096540319,0.9999886918088887
AF40,index,5,FCM-TS,400,171,0,0.011358335907169318,0.0011566554691156338,0.0009651926599996109,0.9999892507764859
AF40,index,5,SC9-TS,400,171,0,0.013541466249009333,0.009558133331850106,0.006420165498489904,0.9992659675983048
AF40,index,5,SC16-TS,400,171,0,0.006606092125168046,0.002748691387448939,0.002059037503064419,0.9999392954805619
AF40,index,5,ANFIS-TS,400,171,46,0.005410074475431635,0.004210657154546874,0.003145877650058661,0.9998575479103133
AF40,index,6,FCM-TS,400,171,0,0.011742225240020944,0.0013420723777981974,0.0010299613918536227,0.9999856340831892
AF40,index,6,SC9-TS,400,171,0,0.019865046119605632,0.011545094716377161,0.007755466925856748,0.9989368942383712
AF40,index,6,SC16-TS,400,171,0,0.008445505040499545,0.003022708628093699,0.002216136875172713,0.9999271257592971
AF40,index,6,ANFIS-TS,400,171,46,0.00438918411439585,0.003172314115293547,0.0023397863792543913,0.9999197335900908
AF40,index,7,FCM-TS,400,171,0,0.010901299232380673,0.0011592711140523092,0.0009542653352027723,0.9999897474835606
AF40,index,7,SC9-TS,400,171,0,0.015042249356785171,0.009395413021254151,0.006659473386137802,0.9993265704053763
AF40,index,7,SC16-TS,400,171,0,0.007549712567638837,0.00282305206864056,0.002128306163218794,0.9999392007499942
AF40,index,7,ANFIS-TS,400,171,46,0.005402594830599017,0.0022480239654402503,0.0017471175151491927,0.9999614466324372
AF40,index,8,FCM-TS,400,171,0,0.010754423502447694,0.0013382721743410099,0.0010392600298506777,0.9999862326841802
AF40,index,8,SC9-TS,400,171,0,0.019422272311123746,0.010773908716574573,0.007199578071600932,0.9991077080762122
AF40,index,8,SC16-TS,400,171,0,0.007942930850385456,0.0027986428162747237,0.0021519739218644977,0.9999397918438748
AF40,index,8,ANFIS-TS,400,171,46,0.005844191813006034,0.0030151999561354613,0.0023980455937946355,0.9999301136087536
AF40,index,9,FCM-TS,400,171,0,0.011665650446553601,0.0013946465139119553,0.001063229466224143,0.999985373214447
AF40,index,9,SC9-TS,400,171,0,0.02084242208058268,0.01154676243667729,0.00769916759624358,0.9989973691475033
AF40,index,9,SC16-TS,400,171,0,0.009258115823492294,0.002985105604513315,0.0021748985994030795,0.9999329899406447
AF40,index,9,ANFIS-TS,400,171,46,0.005140296412061572,0.002949430964355295,0.002236936880840783,0.9999345820284449
