experiment,method,seed,model,n_train,n_test,optimizer_iters,nrmse_pair,nrmse_force,nmae_force,r2_force,n_endpoint_heldout
AF10,index,0,FCM-TS,400,171,0.0,0.0051269748602673,0.0024157117591399,0.0018525495644866,0.9999516761498008,
AF10,index,0,SC9-TS,400,171,0.0,0.0091544245614925,0.0097549446432035,0.006225713804516,0.9992120096098835,
AF10,index,0,SC16-TS,400,171,0.0,0.0033018729023208,0.0030765173906206,0.0022531918713617,0.999921622744596,
AF10,index,0,ANFIS-TS,400,171,33.0,0.0016455360195956,0.0018878059045776,0.0014811406508697,0.999970488860238,
AF10,index,1,FCM-TS,400,171,0.0,0.0051075695848055,0.0023003680045487,0.0017496835891994,0.9999594060589018,
AF10,index,1,SC9-TS,400,171,0.0,0.01001338950851,0.0111722974273256,0.0073269265573096,0.999042471833051,
AF10,index,1,SC16-TS,400,171,0.0,0.0032807199256283,0.0030795497992934,0.0023024201299732,0.9999272486522472,
AF10,index,1,ANFIS-TS,400,171,44.0,0.0024000408161835,0.0029019231763559,0.0017576210950675,0.9999353991247072,
AF10,index,2,FCM-TS,400,171,0.0,0.0053662576057748,0.0021950659307051,0.0017401510602798,0.9999612251334216,
AF10,index,2,SC9-TS,400,171,0.0,0.0094933782162269,0.0104866203440867,0.0069046038618061,0.9991150346552304,
AF10,index,2,SC16-TS,400,171,0.0,0.0033394429149241,0.0029633166059238,0.0021834304829826,0.9999293338740344,
AF10,index,2,ANFIS-TS,400,171,46.0,0.0026038522932799,0.0029794626911548,0.0018142096351728,0.9999285617056496,
AF10,index,3,FCM-TS,400,171,0.0,0.0053453863148894,0.0024663676061695,0.0017925619298075,0.999949441404619,
AF10,index,3,SC9-TS,400,171,0.0,0.0100352149474232,0.0112676061663704,0.0072138984146396,0.9989447807575096,
AF10,index,3,SC16-TS,400,171,0.0,0.0032192683936433,0.003105093255983,0.002162966245325,0.9999198638118284,
AF10,index,3,ANFIS-TS,400,171,28.0,0.0030965597252962,0.0037975163983891,0.002289557909789,0.9998801387781814,
AF10,index,4,FCM-TS,400,171,0.0,0.0053394199380904,0.0022332205460571,0.0015966402934502,0.9999573553525292,
AF10,index,4,SC9-TS,400,171,0.0,0.0097216533319747,0.0109741970042049,0.0067412525935005,0.998970214426462,
AF10,index,4,SC16-TS,400,171,0.0,0.0034569710343665,0.0032902135538533,0.0022013208533142,0.9999074344314056,
AF10,index,4,ANFIS-TS,400,171,46.0,0.0009462725016496,0.0009363156407704,0.0007796024505002,0.999992503719043,
AF10,index,5,FCM-TS,400,171,0.0,0.0054493312126826,0.0021300877947047,0.0016578593604059,0.9999613720406758,
AF10,index,5,SC9-TS,400,171,0.0,0.0087110527167462,0.0090756254538819,0.0060057662031696,0.999298770970712,
AF10,index,5,SC16-TS,400,171,0.0,0.0031146867510695,0.0027863641750785,0.002079375586718,0.9999339028836162,
AF10,index,5,ANFIS-TS,400,171,46.0,0.0013457900294035,0.0014281694806502,0.0010945490107973,0.9999826353412116,
AF10,index,6,FCM-TS,400,171,0.0,0.0052007437294348,0.0024614949916378,0.0018734139638257,0.9999508391584728,
AF10,index,6,SC9-TS,400,171,0.0,0.0101491445405708,0.0114710288505773,0.0075156887549779,0.9989323567967164,
AF10,index,6,SC16-TS,400,171,0.0,0.0032628915196346,0.0031038384795203,0.0022553443086992,0.9999218336880644,
AF10,index,6,ANFIS-TS,400,171,46.0,0.0010266079436167,0.0011481212498314,0.0008783661028607,0.9999893046030972,
AF10,index,7,FCM-TS,400,171,0.0,0.00517824193066,0.002184515235742,0.0017100755221382,0.9999625952999264,
AF10,index,7,SC9-TS,400,171,0.0,0.0085411815535189,0.0092786058182562,0.0065272110716789,0.9993251900605472,
AF10,index,7,SC16-TS,400,171,0.0,0.0031454989029163,0.0028896973810073,0.0021469364432893,0.999934548327388,
AF10,index,7,ANFIS-TS,400,171,46.0,0.0024781664111086,0.0028695136808711,0.0014872596941229,0.9999354594562432,
AF10,index,8,FCM-TS,400,171,0.0,0.0056561529863258,0.002476038818278,0.0018458271502378,0.9999553597458652,
AF10,index,8,SC9-TS,400,171,0.0,0.0099946836536845,0.0108192662821339,0.0069089205062266,0.9991476707756772,
AF10,index,8,SC16-TS,400,171,0.0,0.0033447316243557,0.0028877691095693,0.0022076798534897,0.9999392793106926,
AF10,index,8,ANFIS-TS,400,171,46.0,0.0027692894618022,0.0034235802255255,0.0022191908906879,0.9999146560423168,
AF10,index,9,FCM-TS,400,171,0.0,0.0054919152666749,0.0025593955275643,0.0018766971339371,0.9999511741363696,
AF10,index,9,SC9-TS,400,171,0.0,0.0105508640730567,0.0116597475726459,0.007564732605981,0.9989866641278548,
AF10,index,9,SC16-TS,400,171,0.0,0.0034458927749142,0.0031806127924389,0.0023363265571935,0.999924595594004,
AF10,index,9,ANFIS-TS,400,171,46.0,0.0014081256230381,0.0015506472181368,0.0012377451904445,0.9999820773951756,
AF19,index,0,FCM-TS,400,171,0.0,0.0033144879251191,0.0022154510819392,0.0017888469036009,0.9999587448578412,
AF19,index,0,SC9-TS,400,171,0.0,0.0091208128130796,0.008749011469669,0.0056587679636326,0.9993566138176396,
AF19,index,0,SC16-TS,400,171,0.0,0.0030056922551914,0.0030684918270337,0.002311060165619,0.9999208586052928,
AF19,index,0,ANFIS-TS,400,171,35.0,0.0014844092861532,0.0013875609472372,0.0011235402433791,0.9999838170424786,
AF19,index,1,FCM-TS,400,171,0.0,0.0030483667625539,0.0019241862625141,0.0015474903680879,0.9999710131373712,
AF19,index,1,SC9-TS,400,171,0.0,0.0103708935450473,0.0099717254516639,0.0066928264885377,0.9992215197154232,
AF19,index,1,SC16-TS,400,171,0.0,0.0030244791020969,0.0030892530239354,0.0024308152531922,0.9999252839414398,
AF19,index,1,ANFIS-TS,400,171,46.0,0.0022706250138458,0.0022491941534216,0.0017724357605016,0.999960394008972,
AF19,index,2,FCM-TS,400,171,0.0,0.003165992517056,0.0019312406470041,0.0015787565897022,0.9999695025300562,
AF19,index,2,SC9-TS,400,171,0.0,0.0097533287265502,0.009380426354969,0.0063151491483363,0.9992804910817128,
AF19,index,2,SC16-TS,400,171,0.0,0.0029181328207512,0.0029381125946152,0.0022212930921916,0.9999294124847312,
AF19,index,2,ANFIS-TS,400,171,23.0,0.0032362155395474,0.0032117062534729,0.0022660570782939,0.999915654355782,
AF19,index,3,FCM-TS,400,171,0.0,0.0032286888662628,0.0021184586637132,0.0016519943442172,0.9999620029857402,
AF19,index,3,SC9-TS,400,171,0.0,0.0104759516407217,0.0100745045422858,0.0066686965642141,0.999140676126692,
AF19,index,3,SC16-TS,400,171,0.0,0.0030345744622013,0.0031468372326711,0.0023082881574661,0.9999161586923446,
AF19,index,3,ANFIS-TS,400,171,37.0,0.0014566230438666,0.0015422889133607,0.001235524361686,0.9999798608583436,
AF19,index,4,FCM-TS,400,171,0.0,0.0029648195486201,0.0018362610764166,0.0013862354319045,0.999970560902295,
AF19,index,4,SC9-TS,400,171,0.0,0.0101234474261047,0.0097123022942164,0.006084535400713,0.9991764309438468,
AF19,index,4,SC16-TS,400,171,0.0,0.0031671461746709,0.0031382794605171,0.0021992121757273,0.9999140117982313,
AF19,index,4,ANFIS-TS,400,171,23.0,0.0037569072073096,0.0037409289065778,0.0023948693720769,0.9998778159412256,
AF19,index,5,FCM-TS,400,171,0.0,0.0031426179183699,0.0018939313538795,0.0015633192708616,0.9999688945079044,
AF19,index,5,SC9-TS,400,171,0.0,0.0085586156851637,0.0081652471873778,0.005550363936474,0.9994218410111576,
AF19,index,5,SC16-TS,400,171,0.0,0.0027330569666497,0.002791838578384,0.0021585739176885,0.9999324089462708,
AF19,index,5,ANFIS-TS,400,171,46.0,0.0021601817728127,0.0020840888539249,0.0016366441241662,0.99996233473125,
AF19,index,6,FCM-TS,400,171,0.0,0.0031925259304774,0.0020835677226468,0.0016731885064266,0.9999641699289296,
AF19,index,6,SC9-TS,400,171,0.0,0.0105862149590564,0.0102414087788904,0.0068646222881811,0.9991343310713056,
AF19,index,6,SC16-TS,400,171,0.0,0.0030071628680858,0.0030691039176728,0.0022535142037151,0.9999222580168904,
AF19,index,6,ANFIS-TS,400,171,46.0,0.0031860025361966,0.0030401054515589,0.0020551894859916,0.99992372016869,
AF19,index,7,FCM-TS,400,171,0.0,0.0029796247381324,0.0018518769930112,0.0015681262804907,0.9999726210343608,
AF19,index,7,SC9-TS,400,171,0.0,0.0087052230940465,0.0083052108621661,0.0059512632318488,0.999449326609814,
AF19,index,7,SC16-TS,400,171,0.0,0.0028811986143352,0.0029651681379216,0.0023032217414496,0.9999298073863476,
AF19,index,7,ANFIS-TS,400,171,30.0,0.0022110045795579,0.0021787543534248,0.0018180334896491,0.9999621026100856,
AF19,index,8,FCM-TS,400,171,0.0,0.0033942755018155,0.00234068210515,0.0018258200649614,0.9999596119905532,
AF19,index,8,SC9-TS,400,171,0.0,0.0101952185480019,0.009769448385878,0.0064361328814618,0.9992964294299344,
AF19,index,8,SC16-TS,400,171,0.0,0.0029326859864388,0.0029781901163741,0.0023268055212846,0.9999346158600644,
AF19,index,8,ANFIS-TS,400,171,46.0,0.0023367457111614,0.0022994255394263,0.0018312429458733,0.9999610231910112,
AF19,index,9,FCM-TS,400,171,0.0,0.0033046747761655,0.0020715429245965,0.0015587667991597,0.9999674307885787,
AF19,index,9,SC9-TS,400,171,0.0,0.0107785776118662,0.0103049374391774,0.0068358666644225,0.9991940463083386,
AF19,index,9,SC16-TS,400,171,0.0,0.003085164561827,0.0030821512337479,0.0023882755963915,0.9999279013290334,
AF19,index,9,ANFIS-TS,400,171,36.0,0.0015116752544906,0.0014068090054698,0.0011602488463973,0.999984979318089,
AF24,index,0,FCM-TS,400,171,0.0,0.0031068682663412,0.0026565709257457,0.0020269898521222,0.9999408623437608,
AF24,index,0,SC9-TS,400,171,0.0,0.0082128787368721,0.007770771043723,0.0052237288197914,0.9994940011797868,
AF24,index,0,SC16-TS,400,171,0.0,0.003030533467243,0.0031202402021182,0.0023132863559092,0.999918417439044,
AF24,index,0,ANFIS-TS,400,171,33.0,0.0011610652988123,0.0011566629684886,0.0009306385219697,0.9999887892429534,
AF24,index,1,FCM-TS,400,171,0.0,0.0029247519565801,0.0023545636148261,0.0017468346540517,0.9999552441285108,
AF24,index,1,SC9-TS,400,171,0.0,0.0092352534185881,0.0086309828598163,0.0059015091571789,0.999398619046492,
AF24,index,1,SC16-TS,400,171,0.0,0.0031063648892502,0.0030811237764607,0.002388293490654,0.9999233614195676,
AF24,index,1,ANFIS-TS,400,171,46.0,0.0012104970676711,0.0012585348584077,0.0010069856835238,0.9999872132651684,
AF24,index,2,FCM-TS,400,171,0.0,0.0029402469966715,0.0023830644639222,0.0019085914579241,0.9999532543525684,
AF24,index,2,SC9-TS,400,171,0.0,0.0086813300350972,0.0081991029094076,0.0057966379353236,0.9994466469947808,
AF24,index,2,SC16-TS,400,171,0.0,0.0030482305803567,0.0030967260313155,0.0023522943814818,0.9999210639904442,
AF24,index,2,ANFIS-TS,400,171,36.0,0.0011246865895071,0.0010557321947381,0.0008496057141407,0.9999908256114473,
AF24,index,3,FCM-TS,400,171,0.0,0.0031437983088557,0.0025779148063885,0.0018962102159481,0.9999426452266518,
AF24,index,3,SC9-TS,400,171,0.0,0.0094065714080922,0.0090532266472434,0.0061480069008194,0.9992926420610218,
AF24,index,3,SC16-TS,400,171,0.0,0.0030891217301228,0.0032298390695921,0.0023232377171854,0.9999099685565016,
AF24,index,3,ANFIS-TS,400,171,44.0,0.0031586268767464,0.0032505449194971,0.0022973923118739,0.9999088105093362,
AF24,index,4,FCM-TS,400,171,0.0,0.0028317147627608,0.0024125095886778,0.0018212348560264,0.9999473839990972,
AF24,index,4,SC9-TS,400,171,0.0,0.0088550735063052,0.0085446006977264,0.0055528294534577,0.9993399705945056,
AF24,index,4,SC16-TS,400,171,0.0,0.0032227851809471,0.0032628303814895,0.0022503416060494,0.9999037570923875,
AF24,index,4,ANFIS-TS,400,171,46.0,0.002764406487662,0.0028864571770868,0.0017089735517337,0.99992468005789,
AF24,index,5,FCM-TS,400,171,0.0,0.0028781311952378,0.002225797691763,0.0018390365205124,0.9999559961985972,
AF24,index,5,SC9-TS,400,171,0.0,0.007661823917679,0.0069920008437521,0.0050483316779301,0.9995657680602568,
AF24,index,5,SC16-TS,400,171,0.0,0.0029329874516293,0.0028347493064445,0.0021489514300741,0.9999286246688832,
AF24,index,5,ANFIS-TS,400,171,36.0,0.002672457143974,0.0026363484678597,0.0020063034201175,0.9999382659956018,
AF24,index,6,FCM-TS,400,171,0.0,0.0030723227488627,0.002600933643851,0.001899678441804,0.9999434213040932,
AF24,index,6,SC9-TS,400,171,0.0,0.0094347668691846,0.0090262179074425,0.0062454210616597,0.9993185939017034,
AF24,index,6,SC16-TS,400,171,0.0,0.003139826160304,0.0032068978769215,0.0023222899593544,0.9999139868904702,
AF24,index,6,ANFIS-TS,400,171,46.0,0.0023420982116744,0.0026567505453903,0.0020898234623549,0.999940966851723,
AF24,index,7,FCM-TS,400,171,0.0,0.0029398588790134,0.0023977000247279,0.0019491240594649,0.9999526851383904,
AF24,index,7,SC9-TS,400,171,0.0,0.0078728602981492,0.0072313123820098,0.0053704243411988,0.9995696298670648,
AF24,index,7,SC16-TS,400,171,0.0,0.0029549826195375,0.0029299125238487,0.0022265305985875,0.9999293491832276,
AF24,index,7,ANFIS-TS,400,171,46.0,0.0017979891084072,0.0019970460115303,0.0016697957442862,0.9999671765655772,
AF24,index,8,FCM-TS,400,171,0.0,0.0034096646110448,0.0029503912862835,0.0021179440748758,0.9999353304823716,
AF24,index,8,SC9-TS,400,171,0.0,0.0092541872102386,0.0087094170110349,0.0058874018637228,0.9994364680307808,
AF24,index,8,SC16-TS,400,171,0.0,0.0030312249079309,0.0030895260404573,0.0023764151767089,0.9999290872858284,
AF24,index,8,ANFIS-TS,400,171,46.0,0.00112863111073,0.001062357415911,0.0008347858746129,0.999991615412605,
AF24,index,9,FCM-TS,400,171,0.0,0.0033010459960843,0.0028712072149109,0.0020089945054197,0.999935718715012,
AF24,index,9,SC9-TS,400,171,0.0,0.0098109527760541,0.0094353291816406,0.0065116782286104,0.9993058240080972,
AF24,index,9,SC16-TS,400,171,0.0,0.0032329167752156,0.003302299512273,0.0024432459123308,0.9999149668246012,
AF24,index,9,ANFIS-TS,400,171,35.0,0.0012600676201062,0.0010402110306276,0.0008187821874799,0.9999915627991816,
AF28,index,0,FCM-TS,400,171,0.0,0.0026294579584299,0.002945451404089,0.0023836632887271,0.9999260825185348,
AF28,index,0,SC9-TS,400,171,0.0,0.0104111252378183,0.0106809732607157,0.0067103646277323,0.9990280026228872,
AF28,index,0,SC16-TS,400,171,0.0,0.0033418741868475,0.0032701229378011,0.002352353549461,0.9999088888355442,
AF28,index,0,ANFIS-TS,400,171,22.0,0.0051338720734396,0.0047010375771009,0.0028791935547222,0.9998117084273844,
AF28,index,1,FCM-TS,400,171,0.0,0.0026287366687271,0.0029445958240264,0.0024202042610552,0.9999331487270214,
AF28,index,1,SC9-TS,400,171,0.0,0.0122416213703626,0.0126008084395626,0.0083147737990244,0.9987757922725022,
AF28,index,1,SC16-TS,400,171,0.0,0.0036090757956331,0.0034693123607302,0.0026047865709993,0.9999072006135804,
AF28,index,1,ANFIS-TS,400,171,46.0,0.0034325236921372,0.0034280056148268,0.0026055620438926,0.999909397256824,
AF28,index,2,FCM-TS,400,171,0.0,0.0023845906300132,0.0026672462150078,0.0021593424485247,0.9999411201434548,
AF28,index,2,SC9-TS,400,171,0.0,0.0113032973296741,0.0116079587840167,0.007442176035328,0.9988848013295306,
AF28,index,2,SC16-TS,400,171,0.0,0.0033364595570503,0.0033975493295927,0.0026183961455121,0.9999044628964764,
AF28,index,2,ANFIS-TS,400,171,46.0,0.0019139337788127,0.0021552099211757,0.0016485148917486,0.9999615567865152,
AF28,index,3,FCM-TS,400,171,0.0,0.0025693707451896,0.0028324298936418,0.0022943659936246,0.9999343982415676,
AF28,index,3,SC9-TS,400,171,0.0,0.0117157145280425,0.0120961847334817,0.0077455147783559,0.998803551626684,
AF28,index,3,SC16-TS,400,171,0.0,0.0034000126245046,0.0031660393536442,0.0023287545065526,0.9999180347515484,
AF28,index,3,ANFIS-TS,400,171,46.0,0.0018255211933582,0.0019922214407169,0.001629409693889,0.9999675456913928,
AF28,index,4,FCM-TS,400,171,0.0,0.00261520943273,0.0029203686113487,0.0022995994114679,0.9999302732999712,
AF28,index,4,SC9-TS,400,171,0.0,0.011729265895112,0.0120914544709654,0.0077475095543093,0.9988046891607943,
AF28,index,4,SC16-TS,400,171,0.0,0.0038658633310512,0.003739599262212,0.0026607912603875,0.9998856663946024,
AF28,index,4,ANFIS-TS,400,171,46.0,0.0021966340088434,0.0021773560969765,0.0016588259506801,0.99996124009611,
AF28,index,5,FCM-TS,400,171,0.0,0.0024608721527958,0.0028403118266212,0.0022727691032198,0.9999329447967814,
AF28,index,5,SC9-TS,400,171,0.0,0.0100053854070161,0.0102941583268682,0.0068764006467021,0.999119190224742,
AF28,index,5,SC16-TS,400,171,0.0,0.0032201309494764,0.0030203448603309,0.0022992365797311,0.9999241748103792,
AF28,index,5,ANFIS-TS,400,171,46.0,0.0021675201858248,0.0022912089150058,0.0017180211107569,0.999956365518504,
AF28,index,6,FCM-TS,400,171,0.0,0.0026899358158114,0.0029600961661785,0.0023548943550139,0.9999282179710012,
AF28,index,6,SC9-TS,400,171,0.0,0.0122696390213697,0.0125817814732537,0.0082724780988894,0.9987031541253708,
AF28,index,6,SC16-TS,400,171,0.0,0.0035361312040433,0.0034063734457453,0.0025692020414637,0.999904942014516,
AF28,index,6,ANFIS-TS,400,171,19.0,0.0059065178677193,0.0056629898812808,0.0036785057285354,0.9997372784725848,
AF28,index,7,FCM-TS,400,171,0.0,0.0025319014299173,0.0028098466889312,0.0023050173420533,0.9999382371654914,
AF28,index,7,SC9-TS,400,171,0.0,0.0098722898426705,0.0101602641300974,0.0070575256440526,0.9991924452679511,
AF28,index,7,SC16-TS,400,171,0.0,0.0034097162620333,0.0033682388953334,0.0025294533776508,0.9999112501263888,
AF28,index,7,ANFIS-TS,400,171,18.0,0.0049195640060616,0.0043999059723654,0.0028396932096135,0.9998485571545148,
AF28,index,8,FCM-TS,400,171,0.0,0.0026720132665693,0.0029712970008769,0.0024329558775954,0.9999314383540108,
AF28,index,8,SC9-TS,400,171,0.0,0.0114156048371411,0.0118134005598001,0.0075797372741692,0.9989162254059248,
AF28,index,8,SC16-TS,400,171,0.0,0.0032974556640574,0.0032539127799852,0.0025750676196879,0.999917775560551,
AF28,index,8,ANFIS-TS,400,171,46.0,0.0022394209446171,0.0023257942713606,0.0017150292572545,0.999957992029615,
AF28,index,9,FCM-TS,400,171,0.0,0.0027625884113061,0.0030621717460464,0.0025155619041452,0.999928404562811,
AF28,index,9,SC9-TS,400,171,0.0,0.0123045617917024,0.0126444000349999,0.0081538934396323,0.9987792613082204,
AF28,index,9,SC16-TS,400,171,0.0,0.0034621407541115,0.0033130615677609,0.0024255231836912,0.9999161920401822,
AF28,index,9,ANFIS-TS,400,171,16.0,0.0054261359298154,0.0054555010046198,0.003412700221081,0.999772754372551,
AF29,index,0,FCM-TS,400,171,0.0,0.005219876762419,0.0022739423115392,0.001678895018262,0.999956926131812,
AF29,index,0,SC9-TS,400,171,0.0,0.0091147732739898,0.0097795305297151,0.0062471752130215,0.9992033069971308,
AF29,index,0,SC16-TS,400,171,0.0,0.0036055641461768,0.0031808690373838,0.0022809751266212,0.9999157157228096,
AF29,index,0,ANFIS-TS,400,171,33.0,0.0031797941209345,0.002679087638145,0.0020953957680184,0.9999402099618968,
AF29,index,1,FCM-TS,400,171,0.0,0.0055371805999125,0.0021872432493978,0.0016432687516529,0.9999637730329448,
AF29,index,1,SC9-TS,400,171,0.0,0.0104268119468753,0.0111836225375233,0.0073690851220263,0.999052884797378,
AF29,index,1,SC16-TS,400,171,0.0,0.0036376971662361,0.0032341517631065,0.0023419996002735,0.9999207939059208,
AF29,index,1,ANFIS-TS,400,171,46.0,0.0020437041029682,0.0017222306347839,0.0013019907260058,0.9999775394479324,
AF29,index,2,FCM-TS,400,171,0.0,0.0058368131182821,0.0021207112811148,0.0015750671478025,0.999963613190744,
AF29,index,2,SC9-TS,400,171,0.0,0.0097479672139491,0.0104152365454714,0.0067952989021351,0.9991223544469134,
AF29,index,2,SC16-TS,400,171,0.0,0.0035226076607869,0.0030769116030111,0.0021827227964741,0.9999234031482228,
AF29,index,2,ANFIS-TS,400,171,46.0,0.0029899000485601,0.0019128030916334,0.0012880937195275,0.9999703979756844,
AF29,index,3,FCM-TS,400,171,0.0,0.0057278949839879,0.0023384019361985,0.0016581082095924,0.9999560460246578,
AF29,index,3,SC9-TS,400,171,0.0,0.0103002203138538,0.0110722126331363,0.0069748680101346,0.9990145634386984,
AF29,index,3,SC16-TS,400,171,0.0,0.0037953140759817,0.0032418308667521,0.0022166230258151,0.9999155225993256,
AF29,index,3,ANFIS-TS,400,171,37.0,0.003060196531793,0.0022453828705204,0.0014557089803887,0.9999594733555072,
AF29,index,4,FCM-TS,400,171,0.0,0.0062730256398063,0.0022042738099121,0.0015821592033075,0.9999608630570116,
AF29,index,4,SC9-TS,400,171,0.0,0.010077370892315,0.0108765142486761,0.0069399720252359,0.9990471264220157,
AF29,index,4,SC16-TS,400,171,0.0,0.0039486104170213,0.0035034185208066,0.0023147046262833,0.9999011356167372,
AF29,index,4,ANFIS-TS,400,171,46.0,0.0037330906169062,0.0035812922266539,0.0022655488290465,0.9998966916706205,
AF29,index,5,FCM-TS,400,171,0.0,0.0058351782919516,0.0019383555836597,0.0015448143283783,0.9999692594981152,
AF29,index,5,SC9-TS,400,171,0.0,0.0083515488810499,0.0089473615458214,0.0059282965426425,0.9993450109676324,
AF29,index,5,SC16-TS,400,171,0.0,0.0032021237745368,0.0028556985208579,0.0021044158963531,0.999933278044276,
AF29,index,5,ANFIS-TS,400,171,42.0,0.0034595769162463,0.0031356896868781,0.002179559586673,0.9999195529339552,
AF29,index,6,FCM-TS,400,171,0.0,0.0055945911283248,0.0023074029335233,0.0016816181317043,0.9999572830239648,
AF29,index,6,SC9-TS,400,171,0.0,0.0106613693094651,0.0113603223020617,0.0074306776598672,0.9989645361869944,
AF29,index,6,SC16-TS,400,171,0.0,0.003743386479591,0.0032139361155374,0.0022805672338328,0.9999171241300906,
AF29,index,6,ANFIS-TS,400,171,46.0,0.0041913078231227,0.0042319106083088,0.0028015906979293,0.99985630998469,
AF29,index,7,FCM-TS,400,171,0.0,0.0058262322281492,0.0019608055140001,0.0015413576954615,0.9999705120120096,
AF29,index,7,SC9-TS,400,171,0.0,0.0082387471599461,0.0090541066653503,0.0063126294982541,0.9993712654661312,
AF29,index,7,SC16-TS,400,171,0.0,0.0033122309804309,0.0030047392299525,0.0021843935627769,0.9999307547996272,
AF29,index,7,ANFIS-TS,400,171,45.0,0.0028479937359893,0.0020235320817169,0.0016140857332759,0.9999685951813128,
AF29,index,8,FCM-TS,400,171,0.0,0.0055143568922329,0.0022227497143961,0.0016457278693395,0.9999626397024708,
AF29,index,8,SC9-TS,400,171,0.0,0.0097988468453872,0.0106382351601201,0.0068704576219468,0.999144207704193,
AF29,index,8,SC16-TS,400,171,0.0,0.0034067728315016,0.0029720939655075,0.0022260507744249,0.999933203413116,
AF29,index,8,ANFIS-TS,400,171,39.0,0.0031820556628526,0.0025082401734808,0.0019316477051506,0.9999524262442026,
AF29,index,9,FCM-TS,400,171,0.0,0.0057420198873129,0.0023642131336333,0.0017174051037045,0.9999582411231844,
AF29,index,9,SC9-TS,400,171,0.0,0.0106648609856447,0.0114954807590412,0.0074455383033473,0.9990127438779228,
AF29,index,9,SC16-TS,400,171,0.0,0.0037744677032745,0.0032737126946974,0.0023153858409864,0.9999199324236122,
AF29,index,9,ANFIS-TS,400,171,46.0,0.0039419438491773,0.0036878251169201,0.0023442624936033,0.9998983947395252,
AF36,index,0,FCM-TS,400,171,0.0,0.0045046428441881,0.0017235638746674,0.0012952967623066,0.9999753446918964,
AF36,index,0,SC9-TS,400,171,0.0,0.0088634960817516,0.0099666601777413,0.0062901426259949,0.9991755677538744,
AF36,index,0,SC16-TS,400,171,0.0,0.0030929663410739,0.0030557812889464,0.0022657781232458,0.9999225002675914,
AF36,index,0,ANFIS-TS,400,171,15.0,0.0047975240366071,0.0043544574464651,0.002877298808944,0.9998426293386437,
AF36,index,1,FCM-TS,400,171,0.0,0.0040219377498508,0.0015868026346471,0.001217302814404,0.9999807817456864,
AF36,index,1,SC9-TS,400,171,0.0,0.0097135370056045,0.0115220225953567,0.007492203926291,0.998986729134866,
AF36,index,1,SC16-TS,400,171,0.0,0.0029664784297332,0.0030906808083893,0.0023020271695911,0.9999270917924714,
AF36,index,1,ANFIS-TS,400,171,40.0,0.0023335256690689,0.0018984613144586,0.0013302219922608,0.9999724912020213,
AF36,index,2,FCM-TS,400,171,0.0,0.0040720160504148,0.0016344880865659,0.0013055920820952,0.9999784945345452,
AF36,index,2,SC9-TS,400,171,0.0,0.0093036668161956,0.0108599202163068,0.0070001112450162,0.9990506232382764,
AF36,index,2,SC16-TS,400,171,0.0,0.0030250938136084,0.0029445995087162,0.0021673814849426,0.999930202832522,
AF36,index,2,ANFIS-TS,400,171,46.0,0.0021778916835389,0.0010689480735835,0.0009042372470883,0.9999908018911292,
AF36,index,3,FCM-TS,400,171,0.0,0.0042269966278997,0.0017338986599149,0.0012806291256276,0.9999751321002666,
AF36,index,3,SC9-TS,400,171,0.0,0.0098562380077183,0.0115089615573976,0.0073422261148994,0.998904369875857,
AF36,index,3,SC16-TS,400,171,0.0,0.003104659241818,0.0030969556566234,0.0021664628640268,0.9999206655784052,
AF36,index,3,ANFIS-TS,400,171,45.0,0.0022276367549315,0.0019762620873383,0.001346542714835,0.999967694180357,
AF36,index,4,FCM-TS,400,171,0.0,0.0040828405569836,0.0016173309720017,0.0011796373549188,0.9999778502792398,
AF36,index,4,SC9-TS,400,171,0.0,0.0096415274894671,0.0112888112983256,0.006906500434358,0.9989208871211968,
AF36,index,4,SC16-TS,400,171,0.0,0.0031910664854788,0.0033547649355701,0.0022302575376229,0.9999046996185798,
AF36,index,4,ANFIS-TS,400,171,46.0,0.0026399537624722,0.0027900419915036,0.00163280836585,0.999934083835633,
AF36,index,5,FCM-TS,400,171,0.0,0.003986858528611,0.0015779291131818,0.0012447664231302,0.9999789246439056,
AF36,index,5,SC9-TS,400,171,0.0,0.0083321394612911,0.0094011039431004,0.0061175962045782,0.999251903449696,
AF36,index,5,SC16-TS,400,171,0.0,0.0028778767022729,0.0028251434448166,0.0021008729974559,0.999932441351872,
AF36,index,5,ANFIS-TS,400,171,46.0,0.0028000801268339,0.0032977417686017,0.002346712480366,0.9999079479990876,
AF36,index,6,FCM-TS,400,171,0.0,0.0044376414562103,0.0017286039790259,0.0012647809562278,0.9999758092390534,
AF36,index,6,SC9-TS,400,171,0.0,0.0099420757395627,0.0117977967142461,0.0076920257200179,0.9988731649936264,
AF36,index,6,SC16-TS,400,171,0.0,0.0030813909028652,0.0030826112905749,0.0022393418310006,0.9999230699450632,
AF36,index,6,ANFIS-TS,400,171,34.0,0.001723212211622,0.0013004034354237,0.0009549980134394,0.9999863096443838,
AF36,index,7,FCM-TS,400,171,0.0,0.0039913645606587,0.0015931706367955,0.0012408400656935,0.9999802290986626,
AF36,index,7,SC9-TS,400,171,0.0,0.0082949571074994,0.0095747640637231,0.0066690376103098,0.9992859016260688,
AF36,index,7,SC16-TS,400,171,0.0,0.0028209524105559,0.0029355855100402,0.002193372975956,0.9999328739097268,
AF36,index,7,ANFIS-TS,400,171,30.0,0.0017263033044341,0.001579750559038,0.0011387928122395,0.9999805607763068,
AF36,index,8,FCM-TS,400,171,0.0,0.004394689396643,0.0018628353944951,0.0013030201811242,0.9999746917839896,
AF36,index,8,SC9-TS,400,171,0.0,0.0096266171976889,0.0110660092223062,0.0070181489779443,0.9991069112348824,
AF36,index,8,SC16-TS,400,171,0.0,0.0029298224504404,0.0029006894528295,0.0022175788315911,0.9999386358048972,
AF36,index,8,ANFIS-TS,400,171,41.0,0.0028507276811211,0.0030570710382826,0.0018020454020384,0.9999318409337992,
AF36,index,9,FCM-TS,400,171,0.0,0.0042721391063038,0.0018799970460249,0.0013531222334365,0.9999737557822516,
AF36,index,9,SC9-TS,400,171,0.0,0.0101552642347146,0.0119618089304947,0.007703456242301,0.9989375389425914,
AF36,index,9,SC16-TS,400,171,0.0,0.0031280289630865,0.0031972288364383,0.0023585692751419,0.9999240956367644,
AF36,index,9,ANFIS-TS,400,171,46.0,0.0026874460249147,0.0030586384177809,0.001750233731765,0.9999305334745578,
AF38,index,0,FCM-TS,400,171,0.0,0.0040856429686966,0.0029690530359227,0.0022981986909324,0.999925821560332,
AF38,index,0,SC9-TS,400,171,0.0,0.0082815831394182,0.0079768523563941,0.0052894510648508,0.9994645673006022,
AF38,index,0,SC16-TS,400,171,0.0,0.0030638665914811,0.003186403666161,0.0022697787990417,0.9999145635156618,
AF38,index,0,ANFIS-TS,400,171,38.0,0.0016146941069593,0.0012968672782726,0.0010288297105688,0.9999858475102826,
AF38,index,1,FCM-TS,400,171,0.0,0.0038660286375493,0.0027102624807501,0.0021423323633249,0.9999403160768168,
AF38,index,1,SC9-TS,400,171,0.0,0.0092243205919985,0.0088875882949617,0.0060968599133798,0.9993581958613146,
AF38,index,1,SC16-TS,400,171,0.0,0.0030376624258238,0.0030549848028239,0.0023413540044211,0.9999241679555166,
AF38,index,1,ANFIS-TS,400,171,29.0,0.0026706559566533,0.0026260137307612,0.0017188409123228,0.9999439689653804,
AF38,index,2,FCM-TS,400,171,0.0,0.004013136426129,0.0027193156770639,0.0021099221885242,0.999938816151961,
AF38,index,2,SC9-TS,400,171,0.0,0.0087446657769303,0.0083246277198516,0.0057617226000709,0.9994266138791588,
AF38,index,2,SC16-TS,400,171,0.0,0.0029906566083095,0.0030180732910797,0.0021898487902942,0.9999246337166574,
AF38,index,2,ANFIS-TS,400,171,25.0,0.0029235694406014,0.0027761239696729,0.001864624061972,0.9999362331084968,
AF38,index,3,FCM-TS,400,171,0.0,0.0039954788406797,0.0027923714060525,0.0020832296298045,0.9999323826847656,
AF38,index,3,SC9-TS,400,171,0.0,0.0093346479743916,0.0090493924069867,0.0060305572168523,0.9992898494948196,
AF38,index,3,SC16-TS,400,171,0.0,0.002967724909243,0.0030811645096445,0.0021649735076307,0.9999176731815548,
AF38,index,3,ANFIS-TS,400,171,36.0,0.0015491746607919,0.0011080515950615,0.0008969987609989,0.9999893528952916,
AF38,index,4,FCM-TS,400,171,0.0,0.0038590708417736,0.0028279990488307,0.0021412900018476,0.9999272546658162,
AF38,index,4,SC9-TS,400,171,0.0,0.0089057989941295,0.0088246149956738,0.0056541847884055,0.9992916658849386,
AF38,index,4,SC16-TS,400,171,0.0,0.0032147823666371,0.0033375958697283,0.002296646570418,0.9998986755806096,
AF38,index,4,ANFIS-TS,400,171,25.0,0.0035893895082861,0.0033581478989187,0.0019538247463152,0.999897423880878,
AF38,index,5,FCM-TS,400,171,0.0,0.0040435440416723,0.0024829073464068,0.0020409428942632,0.9999449202205414,
AF38,index,5,SC9-TS,400,171,0.0,0.0078340953227758,0.0071257010726152,0.0050716888393453,0.9995463443076276,
AF38,index,5,SC16-TS,400,171,0.0,0.0028827678589753,0.002761510898054,0.0020851077325938,0.999931865874106,
AF38,index,5,ANFIS-TS,400,171,17.0,0.0029934011418608,0.0024272053359985,0.0014771638072045,0.9999473638395494,
AF38,index,6,FCM-TS,400,171,0.0,0.0039589296030478,0.0028699936088201,0.0022864819788135,0.9999307600391424,
AF38,index,6,SC9-TS,400,171,0.0,0.009204575595494,0.0090824766103477,0.0061420613689154,0.9993065685565664,
AF38,index,6,SC16-TS,400,171,0.0,0.003059003251908,0.00307956354559,0.0022476249048296,0.9999202788977976,
AF38,index,6,ANFIS-TS,400,171,26.0,0.0020199297503503,0.0016433923894386,0.0013142329530527,0.9999772973006782,
AF38,index,7,FCM-TS,400,171,0.0,0.0038731065219866,0.0027106647544054,0.0022602598787952,0.9999390984395068,
AF38,index,7,SC9-TS,400,171,0.0,0.0079671232893208,0.0074394827669919,0.0053813667732909,0.9995412645663072,
AF38,index,7,SC16-TS,400,171,0.0,0.0028124733611954,0.0027377785307691,0.0020700766497153,0.9999378739946052,
AF38,index,7,ANFIS-TS,400,171,29.0,0.0028627771783194,0.0025463456871047,0.0015530476075348,0.9999462582842304,
AF38,index,8,FCM-TS,400,171,0.0,0.0041167013873568,0.0031392918713237,0.0024063010178708,0.9999263457653702,
AF38,index,8,SC9-TS,400,171,0.0,0.0091061765644354,0.0087895170036675,0.0057998411779221,0.9994226165233954,
AF38,index,8,SC16-TS,400,171,0.0,0.0029315219093793,0.002920551023329,0.0022306567177551,0.9999362523872346,
AF38,index,8,ANFIS-TS,400,171,35.0,0.0015018123776262,0.0013429833505392,0.0010017271911427,0.9999865204440058,
AF38,index,9,FCM-TS,400,171,0.0,0.0040400163105787,0.002981026053787,0.0022306389723024,0.9999303330582232,
AF38,index,9,SC9-TS,400,171,0.0,0.0096242844587798,0.0094611906149194,0.006403290183674,0.9992982429447814,
AF38,index,9,SC16-TS,400,171,0.0,0.0031142516501933,0.0032059363901231,0.0023709469189866,0.9999194241296616,
AF38,index,9,ANFIS-TS,400,171,31.0,0.0029263275295422,0.0029642218755606,0.0018721032963506,0.9999311162758489,
AF39,index,0,FCM-TS,400,171,0.0,0.0120759807606818,0.0017919224522593,0.0014489660643589,0.9999732323788068,
AF39,index,0,SC9-TS,400,171,0.0,0.0281368187168938,0.0098036887202452,0.0065323484063427,0.9991987825815458,
AF39,index,0,SC16-TS,400,171,0.0,0.005611403983802,0.0027527778263448,0.0020720132215725,0.9999368295925278,
AF39,index,0,ANFIS-TS,400,171,46.0,0.0049292166372933,0.0026626080585854,0.0020340136431984,0.9999409002233366,
AF39,index,1,FCM-TS,400,171,0.0,0.0129344642930441,0.0016698644236951,0.0013073550923061,0.9999785972433938,
AF39,index,1,SC9-TS,400,171,0.0,0.0328851451187581,0.0112612951181273,0.0076859207463481,0.9990266165270136,
AF39,index,1,SC16-TS,400,171,0.0,0.0059595716307801,0.0029548860010001,0.0021244884183336,0.9999329824187816,
AF39,index,1,ANFIS-TS,400,171,46.0,0.0058764516064032,0.0061814994416606,0.004816393183608,0.999706711552282,
AF39,index,2,FCM-TS,400,171,0.0,0.0119022501178352,0.0016726304897026,0.0013514783250567,0.999977138297646,
AF39,index,2,SC9-TS,400,171,0.0,0.0312443266607627,0.0105881825041568,0.0071565566244768,0.9990838820662477,
AF39,index,2,SC16-TS,400,171,0.0,0.0056158250652798,0.002682460525488,0.0019630886890194,0.999941200284144,
AF39,index,2,ANFIS-TS,400,171,46.0,0.0036855409595948,0.0038854856294088,0.0030814321455842,0.9998766329550436,
AF39,index,3,FCM-TS,400,171,0.0,0.0123417735241086,0.0017363634354785,0.0013014370169223,0.9999763164744476,
AF39,index,3,SC9-TS,400,171,0.0,0.0332036617658904,0.0108159429800302,0.0071733749115883,0.9990810458004225,
AF39,index,3,SC16-TS,400,171,0.0,0.0053988122555667,0.0028660266970437,0.0021093817331728,0.9999354753657116,
AF39,index,3,ANFIS-TS,400,171,46.0,0.0052399661891298,0.0041348765205809,0.0026640415753151,0.9998656956194062,
AF39,index,4,FCM-TS,400,171,0.0,0.0129242105541036,0.001609823730091,0.0012103178534463,0.9999800662330638,
AF39,index,4,SC9-TS,400,171,0.0,0.032819272519002,0.0108186218573986,0.0073070533179603,0.99909972205962,
AF39,index,4,SC16-TS,400,171,0.0,0.0066077836804627,0.0031335773274694,0.002198295919206,0.9999244710305774,
AF39,index,4,ANFIS-TS,400,171,46.0,0.0073207350008216,0.005648630259321,0.0041595116020918,0.9997545748739666,
AF39,index,5,FCM-TS,400,171,0.0,0.0129243881614985,0.0015140531940073,0.0012356853407393,0.9999819002225836,
AF39,index,5,SC9-TS,400,171,0.0,0.0276008284941475,0.0094164963232229,0.0064692510137927,0.9992998845704176,
AF39,index,5,SC16-TS,400,171,0.0,0.0055276936500238,0.0026251545961978,0.0019636958385945,0.9999455872425308,
AF39,index,5,ANFIS-TS,400,171,46.0,0.0045480828306613,0.0040896523489136,0.0027998942627092,0.9998679422938548,
AF39,index,6,FCM-TS,400,171,0.0,0.0126074782917638,0.001791496572627,0.0013888023109091,0.9999743733280008,
AF39,index,6,SC9-TS,400,171,0.0,0.0334955249792219,0.0112179870978381,0.0076129907417945,0.998995175722712,
AF39,index,6,SC16-TS,400,171,0.0,0.0056916473506099,0.002859892875465,0.0020928502999896,0.9999346929932906,
AF39,index,6,ANFIS-TS,400,171,46.0,0.0056721875743631,0.0047721860404425,0.0034350453977087,0.999818157673539,
AF39,index,7,FCM-TS,400,171,0.0,0.0128547585318607,0.0015367839026613,0.0012498621437851,0.9999818487455036,
AF39,index,7,SC9-TS,400,171,0.0,0.0286388672544064,0.0091835754459644,0.0065898829743491,0.9993518065519243,
AF39,index,7,SC16-TS,400,171,0.0,0.0059906034461265,0.0026715305785857,0.0019934422899085,0.9999451468794214,
AF39,index,7,ANFIS-TS,400,171,46.0,0.0041745549141213,0.0042911864865481,0.0035884124097096,0.9998584741351418,
AF39,index,8,FCM-TS,400,171,0.0,0.0119516534432077,0.0017887219914574,0.0014249643935626,0.999974274516688,
AF39,index,8,SC9-TS,400,171,0.0,0.0323004555134055,0.0105033395714513,0.0071408441469862,0.9991129815309492,
AF39,index,8,SC16-TS,400,171,0.0,0.0056970758483831,0.0026069220022673,0.0019884096047879,0.9999453570767598,
AF39,index,8,ANFIS-TS,400,171,46.0,0.0036608279325248,0.0028480950762198,0.0023865471651592,0.9999347790957436,
AF39,index,9,FCM-TS,400,171,0.0,0.0125095466311467,0.0018332825962493,0.0014017176731208,0.9999739847511564,
AF39,index,9,SC9-TS,400,171,0.0,0.0348726978045041,0.0112556454909678,0.0076173049062945,0.999019359184188,
AF39,index,9,SC16-TS,400,171,0.0,0.0060834472866029,0.0027858633059936,0.0020041108113707,0.9999399256944198,
AF39,index,9,ANFIS-TS,400,171,46.0,0.0054220783987557,0.0024986238085722,0.0015881937031305,0.9999516751070092,
AF40,index,0,FCM-TS,400,171,0.0,0.0114150184789313,0.0013242026759282,0.001023041230268,0.9999854236998807,
AF40,index,0,SC9-TS,400,171,0.0,0.0177175754249801,0.009963196972637,0.0065415107342896,0.9991748444745768,
AF40,index,0,SC16-TS,400,171,0.0,0.0085597618334789,0.0029036477773646,0.0021871097157319,0.9999299148113172,
AF40,index,0,ANFIS-TS,400,171,46.0,0.0056169861290391,0.0047711025846842,0.0036075331136632,0.9998107761439544,
AF40,index,1,FCM-TS,400,171,0.0,0.0116699230026694,0.0012494589963502,0.000988020883023,0.9999882047576528,
AF40,index,1,SC9-TS,400,171,0.0,0.0186209306202724,0.0115251537110993,0.0077510501677381,0.9989964100486898,
AF40,index,1,SC16-TS,400,171,0.0,0.0078407589001913,0.0030851410966645,0.0022625191674146,0.9999280860881292,
AF40,index,1,ANFIS-TS,400,171,46.0,0.0043093159199055,0.003742263214713,0.002789756750391,0.9998941888309016,
AF40,index,2,FCM-TS,400,171,0.0,0.0118815230775144,0.0012320407310594,0.0009999483882987,0.999987724443928,
AF40,index,2,SC9-TS,400,171,0.0,0.0173106102464488,0.0108138141174507,0.0071818727486446,0.999054309899216,
AF40,index,2,SC16-TS,400,171,0.0,0.0083750404349837,0.0028225887924998,0.0020795666751378,0.999935570276376,
AF40,index,2,ANFIS-TS,400,171,46.0,0.0054006357755087,0.0017315532721284,0.0013395819102926,0.9999757527350716,
AF40,index,3,FCM-TS,400,171,0.0,0.0119926737990913,0.001350772697739,0.0010188791624573,0.999985512213872,
AF40,index,3,SC9-TS,400,171,0.0,0.0202668126608525,0.0111221731114477,0.0072707623031208,0.999017761892958,
AF40,index,3,SC16-TS,400,171,0.0,0.0086618480142361,0.0030218745535275,0.0021890269519005,0.9999274912628164,
AF40,index,3,ANFIS-TS,400,171,46.0,0.004971578699576,0.0020784868411317,0.0014897920377573,0.9999656970052402,
AF40,index,4,FCM-TS,400,171,0.0,0.0118696657090608,0.0012677240412776,0.0009480895578575,0.9999873345009332,
AF40,index,4,SC9-TS,400,171,0.0,0.0187458381166212,0.0110782253564159,0.0073240482396899,0.9990328067759412,
AF40,index,4,SC16-TS,400,171,0.0,0.0090798733067326,0.0032666019620302,0.0022628507947567,0.9999159059455838,
AF40,index,4,ANFIS-TS,400,171,46.0,0.0025309053082448,0.0011978712527639,0.0008585400965403,0.9999886918088888,
AF40,index,5,FCM-TS,400,171,0.0,0.0113583359071693,0.0011566554691156,0.0009651926599996,0.999989250776486,
AF40,index,5,SC9-TS,400,171,0.0,0.0135414662490093,0.0095581333318501,0.0064201654984899,0.9992659675983048,
AF40,index,5,SC16-TS,400,171,0.0,0.006606092125168,0.0027486913874489,0.0020590375030644,0.999939295480562,
AF40,index,5,ANFIS-TS,400,171,46.0,0.0054100744754316,0.0042106571545468,0.0031458776500586,0.9998575479103132,
AF40,index,6,FCM-TS,400,171,0.0,0.0117422252400209,0.0013420723777981,0.0010299613918536,0.9999856340831892,
AF40,index,6,SC9-TS,400,171,0.0,0.0198650461196056,0.0115450947163771,0.0077554669258567,0.9989368942383712,
AF40,index,6,SC16-TS,400,171,0.0,0.0084455050404995,0.0030227086280936,0.0022161368751727,0.9999271257592972,
AF40,index,6,ANFIS-TS,400,171,46.0,0.0043891841143958,0.0031723141152935,0.0023397863792543,0.9999197335900908,
AF40,index,7,FCM-TS,400,171,0.0,0.0109012992323806,0.0011592711140523,0.0009542653352027,0.9999897474835606,
AF40,index,7,SC9-TS,400,171,0.0,0.0150422493567851,0.0093954130212541,0.0066594733861378,0.9993265704053764,
AF40,index,7,SC16-TS,400,171,0.0,0.0075497125676388,0.0028230520686405,0.0021283061632187,0.9999392007499942,
AF40,index,7,ANFIS-TS,400,171,46.0,0.005402594830599,0.0022480239654402,0.0017471175151491,0.9999614466324372,
AF40,index,8,FCM-TS,400,171,0.0,0.0107544235024476,0.001338272174341,0.0010392600298506,0.9999862326841802,
AF40,index,8,SC9-TS,400,171,0.0,0.0194222723111237,0.0107739087165745,0.0071995780716009,0.9991077080762122,
AF40,index,8,SC16-TS,400,171,0.0,0.0079429308503854,0.0027986428162747,0.0021519739218644,0.9999397918438748,
AF40,index,8,ANFIS-TS,400,171,46.0,0.005844191813006,0.0030151999561354,0.0023980455937946,0.9999301136087536,
AF40,index,9,FCM-TS,400,171,0.0,0.0116656504465536,0.0013946465139119,0.0010632294662241,0.999985373214447,
AF40,index,9,SC9-TS,400,171,0.0,0.0208424220805826,0.0115467624366772,0.0076991675962435,0.9989973691475031,
AF40,index,9,SC16-TS,400,171,0.0,0.0092581158234922,0.0029851056045133,0.002174898599403,0.9999329899406448,
AF40,index,9,ANFIS-TS,400,171,46.0,0.0051402964120615,0.0029494309643552,0.0022369368808407,0.9999345820284448,
AF10,index,0,Linear (clamped),400,171,,0.00018164850672255955,0.00023186873037280107,0.0001819241374338496,0.9999995547994721,0.0
AF10,index,0,PCHIP (clamped),400,171,,0.00018638565024629343,0.0002586074814172833,0.00020357651422849677,0.9999994461993361,0.0
AF10,index,0,Cubic spline (clamped),400,171,,0.00021159399900595944,0.0002962756999908187,0.00023618519709351648,0.9999992731189139,0.0
AF10,index,1,Linear (clamped),400,171,,0.00018993035989556422,0.00021997527728532222,0.00016612843022829768,0.9999996287945636,0.0
AF10,index,1,PCHIP (clamped),400,171,,0.00018239821260955283,0.00023904739512343868,0.00018536990476127686,0.9999995616362721,0.0
AF10,index,1,Cubic spline (clamped),400,171,,0.00018986072984860947,0.00026506431419163454,0.00020829410554630638,0.9999994610243997,0.0
AF10,index,2,Linear (clamped),400,171,,0.00020184245127932216,0.00024327619997835935,0.00018356359374096707,0.9999995237286904,0.0
AF10,index,2,PCHIP (clamped),400,171,,0.00020009294040089772,0.0002674997717020053,0.0002127814759747882,0.9999994241597668,0.0
AF10,index,2,Cubic spline (clamped),400,171,,0.0002083291884414898,0.000291037793224124,0.0002297874595318636,0.9999993183617525,0.0
AF10,index,3,Linear (clamped),400,171,,0.0002170187291558249,0.00024278852535077758,0.00017621209464782072,0.9999995100681209,1.0
AF10,index,3,PCHIP (clamped),400,171,,0.00021299752714306315,0.000263924018021349,0.00020098664152057706,0.9999994210551256,1.0
AF10,index,3,Cubic spline (clamped),400,171,,0.00022860741411127893,0.000295331149860232,0.00022317685840396207,0.9999992750669544,1.0
AF10,index,4,Linear (clamped),400,171,,0.00020040653307669954,0.00023653922644476896,0.00018184387975007734,0.9999995215818543,0.0
AF10,index,4,PCHIP (clamped),400,171,,0.00020165836633640635,0.00026583289434946387,0.0002093652866532779,0.9999993957471066,0.0
AF10,index,4,Cubic spline (clamped),400,171,,0.00023327095203362966,0.000318574020392755,0.0002504990159553728,0.9999991321952725,0.0
AF10,index,5,Linear (clamped),400,171,,0.00020218118742496596,0.0002527181689480809,0.0002012086317513341,0.999999456274514,0.0
AF10,index,5,PCHIP (clamped),400,171,,0.0001913738310057934,0.00026040455230429805,0.0002086649584604517,0.9999994226968836,0.0
AF10,index,5,Cubic spline (clamped),400,171,,0.0002020573679092885,0.0002825743543739149,0.0002272762523017329,0.9999993202139539,0.0
AF10,index,6,Linear (clamped),400,171,,0.0002081614090448141,0.00023015873524391187,0.00017069683375202184,0.9999995701901933,1.0
AF10,index,6,PCHIP (clamped),400,171,,0.00020061266939302595,0.00024746483251857483,0.00018803717395704994,0.9999995031235942,1.0
AF10,index,6,Cubic spline (clamped),400,171,,0.00021576535029962078,0.0002740067673473448,0.00021308886866558687,0.9999993908223326,1.0
AF10,index,7,Linear (clamped),400,171,,0.0001825053398367085,0.00021655173234709784,0.00016394288126370457,0.9999996324306034,0.0
AF10,index,7,PCHIP (clamped),400,171,,0.00017879473337574866,0.00024439091630844875,0.00018922891091770208,0.9999995318488009,0.0
AF10,index,7,Cubic spline (clamped),400,171,,0.00019818668415352522,0.00027726103752428793,0.00021684154737441555,0.9999993974491425,0.0
AF10,index,8,Linear (clamped),400,171,,0.00022689134718726346,0.00021445488525655918,0.0001685910187669121,0.9999996651242896,0.0
AF10,index,8,PCHIP (clamped),400,171,,0.00018277790390817193,0.00023973940296236082,0.00019587051676655365,0.9999995815046864,0.0
AF10,index,8,Cubic spline (clamped),400,171,,0.00020146632211434214,0.000273571774545975,0.00022227201727676235,0.9999994550529132,0.0
AF10,index,9,Linear (clamped),400,171,,0.00028192979916590353,0.0002650329437810263,0.00017672794338204688,0.9999994764298948,2.0
AF10,index,9,PCHIP (clamped),400,171,,0.0002727635371853188,0.00028969873131378234,0.00020782874040935597,0.9999993744409564,2.0
AF10,index,9,Cubic spline (clamped),400,171,,0.0002865598981314701,0.00032252207335116184,0.00023857174208339138,0.999999224656757,2.0
AF19,index,0,Linear (clamped),400,171,,0.0006997092067611828,0.0009860527482064639,0.0007611836724006628,0.9999918275164797,0.0
AF19,index,0,PCHIP (clamped),400,171,,0.0007943984068722335,0.001122821411730451,0.0008964242614864729,0.9999894031904396,0.0
AF19,index,0,Cubic spline (clamped),400,171,,0.000891690836398302,0.0012607378112723493,0.0010063797988125928,0.9999866400967196,0.0
AF19,index,1,Linear (clamped),400,171,,0.0007116765794827584,0.0010023714440625957,0.0008080354791389212,0.9999921338112248,0.0
AF19,index,1,PCHIP (clamped),400,171,,0.0008123811944898342,0.0011481068882501127,0.0009329452787883191,0.9999896801915077,0.0
AF19,index,1,Cubic spline (clamped),400,171,,0.0009624276582990375,0.001360777456672061,0.0010997532419255679,0.9999855028976603,0.0
AF19,index,2,Linear (clamped),400,171,,0.000721402397181201,0.0010165442511388518,0.0008149104324658329,0.9999915502550107,0.0
AF19,index,2,PCHIP (clamped),400,171,,0.0008320318611701421,0.0011756356481451658,0.000935586765713583,0.9999886984888475,0.0
AF19,index,2,Cubic spline (clamped),400,171,,0.0009611043035812265,0.0013586866816069313,0.001092192666733734,0.9999849051201137,0.0
AF19,index,3,Linear (clamped),400,171,,0.0008174768141701188,0.001150254125820551,0.0008914608794678259,0.9999887979609393,1.0
AF19,index,3,PCHIP (clamped),400,171,,0.0009265265327198949,0.0013084184535337331,0.001018262917953771,0.9999855055144847,1.0
AF19,index,3,Cubic spline (clamped),400,171,,0.0010993567726861198,0.0015533115124077943,0.0011819142201137368,0.9999795719644309,1.0
AF19,index,4,Linear (clamped),400,171,,0.000742090026369542,0.0010415901373703323,0.0008486908788625576,0.9999905278327903,0.0
AF19,index,4,PCHIP (clamped),400,171,,0.0008821320872305248,0.0012465475015841073,0.0010217595210517073,0.9999864333286893,0.0
AF19,index,4,Cubic spline (clamped),400,171,,0.0010233492476049073,0.0014469450219494204,0.0011822450509244263,0.9999817206942163,0.0
AF19,index,5,Linear (clamped),400,171,,0.0007909740944898991,0.0011127722988784044,0.0008745035386163797,0.9999892620538792,0.0
AF19,index,5,PCHIP (clamped),400,171,,0.0008998742890303785,0.0012712312866188082,0.001017524484356224,0.9999859861406472,0.0
AF19,index,5,Cubic spline (clamped),400,171,,0.001025353798941267,0.001449461386559788,0.0011700781850573394,0.9999817811101835,0.0
AF19,index,6,Linear (clamped),400,171,,0.0007672628914566217,0.0010782513895134928,0.0008474759177386262,0.9999904043923813,1.0
AF19,index,6,PCHIP (clamped),400,171,,0.0008779610303932459,0.0012390297459803558,0.0009914508445142025,0.9999873294375649,1.0
AF19,index,6,Cubic spline (clamped),400,171,,0.001025459368058397,0.0014485272490520455,0.0011457399552694484,0.9999826824772686,1.0
AF19,index,7,Linear (clamped),400,171,,0.0007025193705338297,0.000989173591379178,0.0007912360621770759,0.9999921884396801,0.0
AF19,index,7,PCHIP (clamped),400,171,,0.0008037049206279472,0.0011358739245764776,0.0009242285777545538,0.999989699625286,0.0
AF19,index,7,Cubic spline (clamped),400,171,,0.0009457075690544148,0.0013371743351926009,0.0010988092265311069,0.9999857252395412,0.0
AF19,index,8,Linear (clamped),400,171,,0.0007177483785282449,0.0010096835351483093,0.0007800492602513371,0.9999924848417878,0.0
AF19,index,8,PCHIP (clamped),400,171,,0.000839389651912359,0.0011863633294354613,0.000925009014304866,0.9999896246439882,0.0
AF19,index,8,Cubic spline (clamped),400,171,,0.0009587830476482969,0.0013556139144813085,0.0010777185937133251,0.9999864531096613,0.0
AF19,index,9,Linear (clamped),400,171,,0.0007686640850126196,0.001077946573376013,0.000892117842848531,0.9999911811116885,2.0
AF19,index,9,PCHIP (clamped),400,171,,0.000876718285104775,0.001235858031527546,0.0010287182993755307,0.9999884080489536,2.0
AF19,index,9,Cubic spline (clamped),400,171,,0.0009581037569903361,0.0013517218064081449,0.001128593120839484,0.9999861326329818,2.0
AF24,index,0,Linear (clamped),400,171,,0.000767395614421661,0.0010816002642993015,0.000836689577717427,0.9999901970937949,0.0
AF24,index,0,PCHIP (clamped),400,171,,0.0008530148956494379,0.001205452966075145,0.0009540635882189341,0.9999878235183769,0.0
AF24,index,0,Cubic spline (clamped),400,171,,0.0009560161520910375,0.001351482249739547,0.0010893290392833606,0.999984694695652,0.0
AF24,index,1,Linear (clamped),400,171,,0.0007908319961004484,0.0011150032329473388,0.000866726320789478,0.9999899635202134,0.0
AF24,index,1,PCHIP (clamped),400,171,,0.0008965018422874646,0.0012672423102973126,0.0009851381892182064,0.9999870357173756,0.0
AF24,index,1,Cubic spline (clamped),400,171,,0.0009982989488175839,0.001411567121601643,0.0011004130777659644,0.9999839145865083,0.0
AF24,index,2,Linear (clamped),400,171,,0.0008276045759744178,0.001163331033066193,0.0009265129723700174,0.9999888602299758,0.0
AF24,index,2,PCHIP (clamped),400,171,,0.000972310245150394,0.0013737522704834134,0.0011059748247036893,0.9999844658875542,0.0
AF24,index,2,Cubic spline (clamped),400,171,,0.0011109660661681752,0.0015703990997482109,0.0012735525031917572,0.9999797002974933,0.0
AF24,index,3,Linear (clamped),400,171,,0.0008002422655723022,0.0011265385646855675,0.0008429980715135471,0.9999890472147396,1.0
AF24,index,3,PCHIP (clamped),400,171,,0.0009643642905697018,0.0013629011159596242,0.0010442598752539848,0.9999839689805758,1.0
AF24,index,3,Cubic spline (clamped),400,171,,0.0011294635719739123,0.0015969113667456904,0.0012279523964742855,0.9999779913162248,1.0
AF24,index,4,Linear (clamped),400,171,,0.0008075538731636917,0.0011353896195403167,0.0009197533830021355,0.9999883461458473,0.0
AF24,index,4,PCHIP (clamped),400,171,,0.0009179516018703399,0.0012966449321488935,0.001073908696356611,0.9999848007599557,0.0
AF24,index,4,Cubic spline (clamped),400,171,,0.0010561904564405586,0.0014929508572651357,0.0012331376876457132,0.9999798501988325,0.0
AF24,index,5,Linear (clamped),400,171,,0.0007971982590603013,0.0011235677879883855,0.0008596095881689067,0.9999887871146892,0.0
AF24,index,5,PCHIP (clamped),400,171,,0.0009154770414987149,0.0012941451871390246,0.0010040255557162605,0.9999851240461052,0.0
AF24,index,5,Cubic spline (clamped),400,171,,0.0010898190560542178,0.0015409557869037354,0.00121000368616581,0.9999789089026233,0.0
AF24,index,6,Linear (clamped),400,171,,0.0008674237070286877,0.0012230273717958359,0.0009558111631059449,0.9999874897283,1.0
AF24,index,6,PCHIP (clamped),400,171,,0.0009701294510602434,0.0013714088903374324,0.0010782760813473292,0.9999842700149718,1.0
AF24,index,6,Cubic spline (clamped),400,171,,0.0010672997841157132,0.0015091223209010825,0.0011932625726838576,0.9999809522679302,1.0
AF24,index,7,Linear (clamped),400,171,,0.0007799768188629456,0.0010985328270047502,0.0008547701104347898,0.9999900680629735,0.0
AF24,index,7,PCHIP (clamped),400,171,,0.0008614667800581863,0.0012174961843926478,0.0009604642934977606,0.9999878004700854,0.0
AF24,index,7,Cubic spline (clamped),400,171,,0.0009625015996765935,0.0013607974276051745,0.0010711731267710296,0.9999847596536117,0.0
AF24,index,8,Linear (clamped),400,171,,0.0007814973819747664,0.0010968404968156684,0.000843303127671637,0.9999910622677197,0.0
AF24,index,8,PCHIP (clamped),400,171,,0.0008888199177048279,0.0012558171401564726,0.0010000295507567336,0.9999882836266948,0.0
AF24,index,8,Cubic spline (clamped),400,171,,0.0010387063108731683,0.0014683462112309545,0.0011891822524142867,0.9999839824045005,0.0
AF24,index,9,Linear (clamped),400,171,,0.0008207049718480789,0.0011550669025498857,0.0008709647525617556,0.999989596732735,2.0
AF24,index,9,PCHIP (clamped),400,171,,0.0009596452303790833,0.0013559640523021616,0.001037226496393077,0.9999856632131379,2.0
AF24,index,9,Cubic spline (clamped),400,171,,0.00107670165428334,0.0015222141840013344,0.0011849395464618609,0.9999819321279978,2.0
AF28,index,0,Linear (clamped),400,171,,0.0011966957297055022,0.001683735955282718,0.0013706075104266402,0.999975845869433,0.0
AF28,index,0,PCHIP (clamped),400,171,,0.0013723633477026264,0.0019394039614012595,0.0015653270684097647,0.9999679535450378,0.0
AF28,index,0,Cubic spline (clamped),400,171,,0.001702072873564593,0.0024066790831620477,0.0018416107640786734,0.9999506508355044,0.0
AF28,index,1,Linear (clamped),400,171,,0.0011682148674966749,0.0016414900611791015,0.0012669636856755136,0.9999792252975198,0.0
AF28,index,1,PCHIP (clamped),400,171,,0.0013027084810460108,0.0018408194092780434,0.0014043013585040302,0.9999738735340826,0.0
AF28,index,1,Cubic spline (clamped),400,171,,0.0014909169169725301,0.0021081811547263626,0.0015621420214719287,0.999965733152531,0.0
AF28,index,2,Linear (clamped),400,171,,0.0012052264409730031,0.0016963478333142299,0.0013756465002273933,0.9999761839164596,0.0
AF28,index,2,PCHIP (clamped),400,171,,0.001353520655064117,0.0019131033387594788,0.00154258350803957,0.9999697087365971,0.0
AF28,index,2,Cubic spline (clamped),400,171,,0.0015020425384267495,0.0021238742403895494,0.0016858876455428965,0.9999626665501534,0.0
AF28,index,3,Linear (clamped),400,171,,0.0012675004947110017,0.0017563825733083523,0.0013843369521469244,0.9999747747557058,1.0
AF28,index,3,PCHIP (clamped),400,171,,0.0014181992067056693,0.0019827067142786617,0.0015932847832143377,0.9999678549506664,1.0
AF28,index,3,Cubic spline (clamped),400,171,,0.0016951579081199394,0.002379303000104566,0.0018250388713363258,0.9999537089910764,1.0
AF28,index,4,Linear (clamped),400,171,,0.0012470005540664263,0.0017344646882297026,0.0013412641938087893,0.9999754045545258,0.0
AF28,index,4,PCHIP (clamped),400,171,,0.001468995765686992,0.002073717670199151,0.001609383907023789,0.9999648420920659,0.0
AF28,index,4,Cubic spline (clamped),400,171,,0.0017577017684704873,0.002485155604687303,0.0018734343715319508,0.9999495070271399,0.0
AF28,index,5,Linear (clamped),400,171,,0.0012041307075546725,0.0016945208125787126,0.001348449206116558,0.9999761331967244,0.0
AF28,index,5,PCHIP (clamped),400,171,,0.001286405507889216,0.0018182958976584772,0.0014407021236057596,0.9999725191882858,0.0
AF28,index,5,Cubic spline (clamped),400,171,,0.001354584450801139,0.0019153432269597085,0.0015157708403796637,0.9999695074559911,0.0
AF28,index,6,Linear (clamped),400,171,,0.0011877985767636818,0.001639910168422849,0.0012979773155292532,0.9999779684929067,1.0
AF28,index,6,PCHIP (clamped),400,171,,0.0013197479226135628,0.001841788187686625,0.0014913977307875032,0.9999722103257703,1.0
AF28,index,6,Cubic spline (clamped),400,171,,0.0015332258136921146,0.0021485464247446386,0.001727945855915217,0.9999621824340096,1.0
AF28,index,7,Linear (clamped),400,171,,0.0012845490261862002,0.0018060290905141181,0.0014186512275705058,0.999974484067019,0.0
AF28,index,7,PCHIP (clamped),400,171,,0.001451434771638978,0.0020515097894981036,0.0015848288688758761,0.9999670762604573,0.0
AF28,index,7,Cubic spline (clamped),400,171,,0.0016546450433944405,0.0023397773967054115,0.0017856073381537724,0.9999571736509509,0.0
AF28,index,8,Linear (clamped),400,171,,0.0011771874919661012,0.001641696613125838,0.0012397762915975438,0.9999790697261525,0.0
AF28,index,8,PCHIP (clamped),400,171,,0.0013228569730962818,0.001867316415768887,0.0014337609890880565,0.9999729214792183,0.0
AF28,index,8,Cubic spline (clamped),400,171,,0.0015916935108588935,0.002250070348503073,0.0017491006790840834,0.999960682916101,0.0
AF28,index,9,Linear (clamped),400,171,,0.0012565884839732028,0.0017134566948705594,0.001326872846045577,0.9999775832565876,2.0
AF28,index,9,PCHIP (clamped),400,171,,0.001388481141123506,0.0019196578899753193,0.001508599182235193,0.9999718632500039,2.0
AF28,index,9,Cubic spline (clamped),400,171,,0.001558040025872157,0.00216619876908943,0.0017286204109078628,0.9999641719753161,2.0
AF29,index,0,Linear (clamped),400,171,,0.00011447872660641793,0.00014073692261922026,0.000108062692352434,0.9999998350048835,0.0
AF29,index,0,PCHIP (clamped),400,171,,0.00011291830747648297,0.0001523003877274568,0.00012054801634606502,0.9999998067778069,0.0
AF29,index,0,Cubic spline (clamped),400,171,,0.0001236068470533748,0.0001690030414697387,0.00013438154417573316,0.9999997620728348,0.0
AF29,index,1,Linear (clamped),400,171,,0.00012150297094396277,0.0001369006996774924,0.0001076804625942713,0.9999998580781898,0.0
AF29,index,1,PCHIP (clamped),400,171,,0.00010916062463702955,0.000143091969211299,0.00011298355030260618,0.9999998449512293,0.0
AF29,index,1,Cubic spline (clamped),400,171,,0.00011448118239605403,0.00015675500068954636,0.0001251031148223913,0.9999998139281759,0.0
AF29,index,2,Linear (clamped),400,171,,0.00014972779372656827,0.00013053149685187128,0.00010466176294913672,0.9999998621484932,0.0
AF29,index,2,PCHIP (clamped),400,171,,0.00010452319902815008,0.00014035246949914423,0.0001149306296267483,0.9999998406247064,0.0
AF29,index,2,Cubic spline (clamped),400,171,,0.0001192872467862424,0.00016440410249110452,0.00013429175419553687,0.9999997813214517,0.0
AF29,index,3,Linear (clamped),400,171,,0.000277641328013772,0.00024566986491535674,0.00011518198660805675,0.9999995148638802,1.0
AF29,index,3,PCHIP (clamped),400,171,,0.00027192418552860425,0.0002519049547016414,0.00012606844385342552,0.9999994899259191,1.0
AF29,index,3,Cubic spline (clamped),400,171,,0.00027872061877311504,0.00026752835504430196,0.00014714781620310362,0.9999994246932432,1.0
AF29,index,4,Linear (clamped),400,171,,0.00014352261851013199,0.00013913807686318988,0.00010912033830160507,0.9999998440634896,0.0
AF29,index,4,PCHIP (clamped),400,171,,0.00011372825008468597,0.00015178882526045693,0.0001186976781029523,0.9999998144181849,0.0
AF29,index,4,Cubic spline (clamped),400,171,,0.00012800549506959528,0.000177324168077025,0.0001339767414947915,0.9999997467253753,0.0
AF29,index,5,Linear (clamped),400,171,,0.00013113833651466825,0.00012862090936051153,9.833795757137719e-05,0.9999998646472119,0.0
AF29,index,5,PCHIP (clamped),400,171,,0.0001051749161165416,0.00013822391294859276,0.00010798897383431466,0.999999843681485,0.0
AF29,index,5,Cubic spline (clamped),400,171,,0.00011606556774096071,0.00015895276621871268,0.0001263214188214746,0.9999997932810764,0.0
AF29,index,6,Linear (clamped),400,171,,0.00027751992272037466,0.00024451746133462396,0.00011885601542678805,0.9999995202959595,1.0
AF29,index,6,PCHIP (clamped),400,171,,0.0002759802747226685,0.0002532117420802621,0.00013049261745897987,0.9999994855759046,1.0
AF29,index,6,Cubic spline (clamped),400,171,,0.0002777597583793761,0.000265575541075652,0.00014550306697985957,0.9999994341129309,1.0
AF29,index,7,Linear (clamped),400,171,,0.00012401458427047432,0.00013306055085487783,9.858655395193176e-05,0.9999998642078276,0.0
AF29,index,7,PCHIP (clamped),400,171,,0.00011324096880650839,0.00015217560096333498,0.00011491904100809015,0.9999998223905158,0.0
AF29,index,7,Cubic spline (clamped),400,171,,0.00013002551242857738,0.0001799826593496683,0.00013225432732977044,0.9999997515508983,0.0
AF29,index,8,Linear (clamped),400,171,,0.00015689851970199375,0.00013466263644337407,0.0001032072127767313,0.9999998628728576,0.0
AF29,index,8,PCHIP (clamped),400,171,,0.0001259392333725713,0.00014699914598235073,0.0001169770917299228,0.9999998365974524,0.0
AF29,index,8,Cubic spline (clamped),400,171,,0.00012484466422870444,0.00017075979165940089,0.00013793050840066478,0.9999997795041436,0.0
AF29,index,9,Linear (clamped),400,171,,0.0004027671823465516,0.0003342967845735228,0.00014318638597477865,0.9999991650894353,2.0
AF29,index,9,PCHIP (clamped),400,171,,0.0003960060615597248,0.0003369508880186102,0.00015022450455267104,0.9999991517794923,2.0
AF29,index,9,Cubic spline (clamped),400,171,,0.00039969766634940124,0.00034659509880536607,0.0001625842901258891,0.9999991025290664,2.0
AF36,index,0,Linear (clamped),400,171,,0.00020362925902743306,0.00027218900353868355,0.00020943136503199494,0.9999993851108643,0.0
AF36,index,0,PCHIP (clamped),400,171,,0.00022266632396949598,0.0003098880964866792,0.0002458095249511534,0.9999992029869049,0.0
AF36,index,0,Cubic spline (clamped),400,171,,0.0002477821728990343,0.0003487169865090666,0.00027844726686581035,0.9999989907427581,0.0
AF36,index,1,Linear (clamped),400,171,,0.00022464371157915805,0.00029384557435150623,0.00022589081409176107,0.9999993409681277,0.0
AF36,index,1,PCHIP (clamped),400,171,,0.00022871384760568138,0.0003192899871281779,0.0002538080359215148,0.9999992218940988,0.0
AF36,index,1,Cubic spline (clamped),400,171,,0.0002584547812380746,0.00036366651881718925,0.0002851280556589769,0.9999989905733907,0.0
AF36,index,2,Linear (clamped),400,171,,0.00021232003305415024,0.0002712284287813487,0.00021191594852577043,0.9999994078172615,0.0
AF36,index,2,PCHIP (clamped),400,171,,0.0002240017652292908,0.0003101944300735358,0.00025016035871454676,0.9999992254431158,0.0
AF36,index,2,Cubic spline (clamped),400,171,,0.00025526323399818637,0.00035751857395876043,0.00029025611840311416,0.999998971077779,0.0
AF36,index,3,Linear (clamped),400,171,,0.0002661251383496174,0.0002997574172815493,0.000232135984761856,0.999999256755743,1.0
AF36,index,3,PCHIP (clamped),400,171,,0.0002752397397338017,0.00033209686058124563,0.0002667970032087191,0.9999990877345528,1.0
AF36,index,3,Cubic spline (clamped),400,171,,0.0003085841512206674,0.00038892412352469787,0.000311644151800935,0.9999987488152307,1.0
AF36,index,4,Linear (clamped),400,171,,0.0002161291870366482,0.00027111966729196203,0.00021390084826724355,0.9999993775671655,0.0
AF36,index,4,PCHIP (clamped),400,171,,0.00022079946316594875,0.0003049395562516069,0.00024543400973174725,0.9999992125953474,0.0
AF36,index,4,Cubic spline (clamped),400,171,,0.00024717009369635765,0.0003455890660341431,0.0002796110491023262,0.9999989886757158,0.0
AF36,index,5,Linear (clamped),400,171,,0.00021728611552665833,0.00028301803945487557,0.00022223532883250578,0.9999993220023642,0.0
AF36,index,5,PCHIP (clamped),400,171,,0.00023153067769986153,0.00032330300329271304,0.0002560080661033154,0.9999991152523433,0.0
AF36,index,5,Cubic spline (clamped),400,171,,0.0002634880327994443,0.0003706020240126372,0.00028903489656208854,0.9999988374396235,0.0
AF36,index,6,Linear (clamped),400,171,,0.00027627207859250906,0.00032454597724655677,0.00025152892563518037,0.9999991472711159,1.0
AF36,index,6,PCHIP (clamped),400,171,,0.0002946705453496458,0.0003660093862332297,0.00029638893041921365,0.9999989154665312,1.0
AF36,index,6,Cubic spline (clamped),400,171,,0.0003221816745865637,0.0004111184827714808,0.00033278730415289354,0.9999986316647442,1.0
AF36,index,7,Linear (clamped),400,171,,0.00021755036488846274,0.0002825896877370883,0.00021544652437633724,0.9999993779654596,0.0
AF36,index,7,PCHIP (clamped),400,171,,0.00022607037766377282,0.00031471178034553674,0.0002468335244899142,0.9999992285142982,0.0
AF36,index,7,Cubic spline (clamped),400,171,,0.0002525993628304678,0.00035495827396618475,0.0002788940782114061,0.9999990185764167,0.0
AF36,index,8,Linear (clamped),400,171,,0.00022223417333525874,0.00028955674788951345,0.00021819826688968045,0.9999993885232467,0.0
AF36,index,8,PCHIP (clamped),400,171,,0.00022539657068485627,0.0003111522099987253,0.0002414032338200788,0.999999293912781,0.0
AF36,index,8,Cubic spline (clamped),400,171,,0.0002451654721835914,0.0003427154101675526,0.00026999865297871377,0.9999991433965165,0.0
AF36,index,9,Linear (clamped),400,171,,0.0003043480741174427,0.00030490217589430164,0.00022060539594303367,0.9999993096960698,2.0
AF36,index,9,PCHIP (clamped),400,171,,0.00031778005459750245,0.0003396792559578998,0.0002606237493898983,0.9999991432436148,2.0
AF36,index,9,Cubic spline (clamped),400,171,,0.00035109294843495406,0.00040075743669933046,0.0003149612568506914,0.9999988074338476,2.0
AF38,index,0,Linear (clamped),400,171,,0.0007232656833367905,0.001018760755824647,0.0007966743262238781,0.9999912665427887,0.0
AF38,index,0,PCHIP (clamped),400,171,,0.0008193220634378498,0.00115769794273893,0.0009347656270913572,0.9999887219943975,0.0
AF38,index,0,Cubic spline (clamped),400,171,,0.0009751934867278284,0.0013786551122407723,0.0011278853023407142,0.999984006148694,0.0
AF38,index,1,Linear (clamped),400,171,,0.0007780236086772569,0.0010923779334398376,0.0008493132822932791,0.999990304270428,0.0
AF38,index,1,PCHIP (clamped),400,171,,0.0008839153771258294,0.0012486465939507783,0.0009958656135665611,0.9999873318344444,0.0
AF38,index,1,Cubic spline (clamped),400,171,,0.001006548401563186,0.001422930271452155,0.0011457384907339985,0.999983548636666,0.0
AF38,index,2,Linear (clamped),400,171,,0.0007092478254073515,0.0009866060859105175,0.0007733638679978277,0.9999919461207335,0.0
AF38,index,2,PCHIP (clamped),400,171,,0.0008401195326646778,0.001183585562796348,0.0009198571169681056,0.9999884091081702,0.0
AF38,index,2,Cubic spline (clamped),400,171,,0.0009721498840453515,0.0013732017996150611,0.0010753291532762663,0.9999843977848444,0.0
AF38,index,3,Linear (clamped),400,171,,0.0007069066591767866,0.0009864428416345933,0.0007592077257520545,0.999991561691288,1.0
AF38,index,3,PCHIP (clamped),400,171,,0.0007939521340425102,0.0011201736805338046,0.0008886809010279697,0.9999891186623368,1.0
AF38,index,3,Cubic spline (clamped),400,171,,0.0009063018186984646,0.001280762845470446,0.001041405819782776,0.999985775107294,1.0
AF38,index,4,Linear (clamped),400,171,,0.0007977962067731721,0.0011146745955435977,0.0008724023309063722,0.9999886983245438,0.0
AF38,index,4,PCHIP (clamped),400,171,,0.0009457483134685254,0.0013354694043030998,0.0010679893454667683,0.999983777622225,0.0
AF38,index,4,Cubic spline (clamped),400,171,,0.00109127966007615,0.0015426275392355034,0.0012347263426923684,0.9999783544420181,0.0
AF38,index,5,Linear (clamped),400,171,,0.0007264745410635544,0.0010190566256984958,0.0007842423643624595,0.9999907217130517,0.0
AF38,index,5,PCHIP (clamped),400,171,,0.0008462561248263771,0.0011953614101462785,0.0009545555262758409,0.9999872335652904,0.0
AF38,index,5,Cubic spline (clamped),400,171,,0.001033252528244303,0.0014608373467974393,0.0011755437903587355,0.9999809333281499,0.0
AF38,index,6,Linear (clamped),400,171,,0.0007487777056269867,0.001052502492670414,0.0008338118107813222,0.9999906880374523,1.0
AF38,index,6,PCHIP (clamped),400,171,,0.0008590163861482173,0.0012136975935981827,0.0009696746392709749,0.9999876172833215,1.0
AF38,index,6,Cubic spline (clamped),400,171,,0.0009778600013226361,0.0013824063145355956,0.0010976183955151958,0.9999839355310938,1.0
AF38,index,7,Linear (clamped),400,171,,0.0007338776230402835,0.0010309996322629897,0.000821232642311931,0.9999911896365647,0.0
AF38,index,7,PCHIP (clamped),400,171,,0.0008282209779295037,0.00117025333695878,0.0009490401837744731,0.9999886489358147,0.0
AF38,index,7,Cubic spline (clamped),400,171,,0.0009513058805728605,0.001344927421340852,0.0010730215755821717,0.9999850074847308,0.0
AF38,index,8,Linear (clamped),400,171,,0.0007247733091122712,0.001016235499733169,0.0007938199892958016,0.9999922816751429,0.0
AF38,index,8,PCHIP (clamped),400,171,,0.0008290520358727586,0.0011701374278251687,0.0009247110078810725,0.9999897668798905,0.0
AF38,index,8,Cubic spline (clamped),400,171,,0.0009456358565722735,0.001336038489283045,0.0010626661727942653,0.9999866594950191,0.0
AF38,index,9,Linear (clamped),400,171,,0.0007630395089316071,0.001065787827648183,0.0008523962252464429,0.9999910949427746,2.0
AF38,index,9,PCHIP (clamped),400,171,,0.0008552639932606441,0.0012062216659013848,0.0009735415892592913,0.9999885935775338,2.0
AF38,index,9,Cubic spline (clamped),400,171,,0.0009168264649520963,0.0012953041794834443,0.0010579180570662015,0.9999868465785193,2.0
AF39,index,0,Linear (clamped),400,171,,0.0001258559871628824,7.346183784134331e-05,5.723570714147061e-05,0.9999999550121815,0.0
AF39,index,0,PCHIP (clamped),400,171,,6.0733913678133365e-05,7.231803878856311e-05,5.945273271863668e-05,0.999999956402194,0.0
AF39,index,0,Cubic spline (clamped),400,171,,6.353843970323675e-05,8.475294459450226e-05,6.971688363794367e-05,0.9999999401201164,0.0
AF39,index,1,Linear (clamped),400,171,,0.00016542727845985403,7.858120007765277e-05,6.311080980331323e-05,0.9999999526036822,0.0
AF39,index,1,PCHIP (clamped),400,171,,6.84100524949037e-05,7.059917242762613e-05,5.619941741572655e-05,0.9999999617433878,0.0
AF39,index,1,Cubic spline (clamped),400,171,,6.029962643428126e-05,7.650584814810417e-05,5.94642261480688e-05,0.9999999550741238,0.0
AF39,index,2,Linear (clamped),400,171,,0.00021123707259831776,8.107171346597056e-05,6.540929622417759e-05,0.999999946290977,0.0
AF39,index,2,PCHIP (clamped),400,171,,7.677615753975506e-05,7.174930507028625e-05,5.7795200954798576e-05,0.9999999579327671,0.0
AF39,index,2,Cubic spline (clamped),400,171,,6.829642630088345e-05,8.522131258651936e-05,6.841965231951691e-05,0.9999999406521506,0.0
AF39,index,3,Linear (clamped),400,171,,0.0006763740856183131,0.0002857223012477718,7.783578441114218e-05,0.9999993587116249,1.0
AF39,index,3,PCHIP (clamped),400,171,,0.0006555969206896547,0.0002864175131578516,8.204462071847003e-05,0.9999993555870966,1.0
AF39,index,3,Cubic spline (clamped),400,171,,0.0006559447468891244,0.00029261334325647283,9.595507125423019e-05,0.9999993274054544,1.0
AF39,index,4,Linear (clamped),400,171,,0.0002047745540483052,9.96791380449662e-05,7.425174851388844e-05,0.9999999235739746,0.0
AF39,index,4,PCHIP (clamped),400,171,,8.315603279909562e-05,8.040550937062298e-05,6.501064949598814e-05,0.9999999502716166,0.0
AF39,index,4,Cubic spline (clamped),400,171,,6.919027162353093e-05,8.648129722237279e-05,6.987751757992083e-05,0.999999942472286,0.0
AF39,index,5,Linear (clamped),400,171,,0.00017350993933636135,8.707101122442863e-05,6.703095271032899e-05,0.9999999401398028,0.0
AF39,index,5,PCHIP (clamped),400,171,,8.521761075916902e-05,8.079543716176103e-05,6.292346499170991e-05,0.9999999484576,0.0
AF39,index,5,Cubic spline (clamped),400,171,,6.875832882388943e-05,9.090010562476779e-05,7.076616946036643e-05,0.9999999347591302,0.0
AF39,index,6,Linear (clamped),400,171,,0.0006821670059383119,0.00028846496268276054,8.404531867648768e-05,0.9999993355743522,1.0
AF39,index,6,PCHIP (clamped),400,171,,0.0006559760317629321,0.00028418404104000114,7.495932469839953e-05,0.9999993551486429,1.0
AF39,index,6,Cubic spline (clamped),400,171,,0.0006547846618468987,0.0002864398098021739,8.101828712777628e-05,0.9999993448707345,1.0
AF39,index,7,Linear (clamped),400,171,,0.00016414592713703783,8.399119335106711e-05,6.708668561224969e-05,0.9999999457813694,0.0
AF39,index,7,PCHIP (clamped),400,171,,7.338635701040642e-05,7.5883509205921e-05,5.970850545065864e-05,0.9999999557436234,0.0
AF39,index,7,Cubic spline (clamped),400,171,,6.576549482272083e-05,8.537152738652472e-05,6.784799362513778e-05,0.9999999439846384,0.0
AF39,index,8,Linear (clamped),400,171,,0.0002449469738997974,8.419840790146217e-05,6.297339229850761e-05,0.9999999429985886,0.0
AF39,index,8,PCHIP (clamped),400,171,,0.00010098652713044316,7.173513956951006e-05,5.648357741460153e-05,0.9999999586246439,0.0
AF39,index,8,Cubic spline (clamped),400,171,,6.637288457671401e-05,7.983971909934134e-05,6.282596679170427e-05,0.999999948747406,0.0
AF39,index,9,Linear (clamped),400,171,,0.0009303720698223868,0.00040937891141231477,0.00010862017761223423,0.9999987027607309,2.0
AF39,index,9,PCHIP (clamped),400,171,,0.0009144242367693916,0.00040639062975877054,0.00010060000913601911,0.9999987216301343,2.0
AF39,index,9,Cubic spline (clamped),400,171,,0.0009137854117249524,0.0004076185343577103,0.00010523328597040675,0.999998713893304,2.0
AF40,index,0,Linear (clamped),400,171,,0.0001838913935873764,8.036254271843133e-05,6.294711198171797e-05,0.9999999463158948,0.0
AF40,index,0,PCHIP (clamped),400,171,,7.025933850666075e-05,7.650835815864871e-05,6.123475702168655e-05,0.9999999513417883,0.0
AF40,index,0,Cubic spline (clamped),400,171,,6.240143177296669e-05,8.453858992140798e-05,6.70763702655119e-05,0.9999999405915285,0.0
AF40,index,1,Linear (clamped),400,171,,0.0001581143212742799,8.617815226358816e-05,6.768930718006107e-05,0.9999999438878114,0.0
AF40,index,1,PCHIP (clamped),400,171,,7.090827731044501e-05,8.169820323485455e-05,6.48219382467527e-05,0.9999999495701284,0.0
AF40,index,1,Cubic spline (clamped),400,171,,6.764044678626185e-05,9.021650669452952e-05,7.107131814055673e-05,0.9999999385056997,0.0
AF40,index,2,Linear (clamped),400,171,,0.00017642311517558618,9.316320091151376e-05,7.250087438472358e-05,0.9999999298092559,0.0
AF40,index,2,PCHIP (clamped),400,171,,7.4757616111892e-05,8.108736856382752e-05,6.364403012399354e-05,0.9999999468262295,0.0
AF40,index,2,Cubic spline (clamped),400,171,,6.46922819268332e-05,8.797949349181316e-05,6.937012227387864e-05,0.9999999374029369,0.0
AF40,index,3,Linear (clamped),400,171,,0.0007632922324062095,0.0002333159933104418,7.782326741306438e-05,0.999999567758464,1.0
AF40,index,3,PCHIP (clamped),400,171,,0.0007481028732940021,0.0002331809439137763,7.801801322060812e-05,0.9999995682587046,1.0
AF40,index,3,Cubic spline (clamped),400,171,,0.0007479114211596329,0.00023712241036550995,8.683936819071322e-05,0.9999995535398712,1.0
AF40,index,4,Linear (clamped),400,171,,0.0001488465184459766,9.198634335626322e-05,7.035945110029261e-05,0.9999999333163191,0.0
AF40,index,4,PCHIP (clamped),400,171,,7.287162981107103e-05,7.922422460666703e-05,6.0504832079499495e-05,0.9999999505360437,0.0
AF40,index,4,Cubic spline (clamped),400,171,,7.045618768859049e-05,9.540245544036197e-05,7.146715129981664e-05,0.9999999282714652,0.0
AF40,index,5,Linear (clamped),400,171,,0.0001469108659670876,8.22277140018159e-05,6.302696569659173e-05,0.9999999456742794,0.0
AF40,index,5,PCHIP (clamped),400,171,,7.805310541959671e-05,9.549834304997684e-05,7.265018189406206e-05,0.9999999267241719,0.0
AF40,index,5,Cubic spline (clamped),400,171,,8.695532380098862e-05,0.00011902798633197853,8.688768575918888e-05,0.9999998861672481,0.0
AF40,index,6,Linear (clamped),400,171,,0.0007588803686413839,0.00023329336492486943,7.567015651217669e-05,0.9999995659035383,1.0
AF40,index,6,PCHIP (clamped),400,171,,0.0007482378749875923,0.00023312759962087164,7.77495203991554e-05,0.9999995665202088,1.0
AF40,index,6,Cubic spline (clamped),400,171,,0.0007479704610001798,0.00023731763717280114,8.649336484687611e-05,0.9999995507981846,1.0
AF40,index,7,Linear (clamped),400,171,,0.0001542833738300907,8.311879233617208e-05,6.177489411730874e-05,0.9999999472941412,0.0
AF40,index,7,PCHIP (clamped),400,171,,6.783576735454352e-05,7.567217477310239e-05,5.865448141838913e-05,0.9999999563149461,0.0
AF40,index,7,Cubic spline (clamped),400,171,,6.187513875382982e-05,8.117040552311532e-05,6.33976094370689e-05,0.9999999497361354,0.0
AF40,index,8,Linear (clamped),400,171,,0.00016382531165808222,9.207365961980975e-05,6.962005189119204e-05,0.9999999348324806,0.0
AF40,index,8,PCHIP (clamped),400,171,,8.69795097250319e-05,7.883604580652202e-05,6.038389333927511e-05,0.9999999522239715,0.0
AF40,index,8,Cubic spline (clamped),400,171,,6.759801064732568e-05,8.857645043712342e-05,6.857887800211385e-05,0.9999999396889452,0.0
AF40,index,9,Linear (clamped),400,171,,0.0010807672663459573,0.0003283335235688459,0.0001017201793316872,0.9999991893170154,2.0
AF40,index,9,PCHIP (clamped),400,171,,0.0010683731644767352,0.00032637580103611196,9.722102613389707e-05,0.9999991989557554,2.0
AF40,index,9,Cubic spline (clamped),400,171,,0.0010681613158121431,0.00032945910020799657,0.00010374843654665547,0.9999991837492019,2.0
