experiment,start,model,n_train,n_test,opt_iters,nrmse_pair,nrmse_force,nmae_force,r2_force
AF10,60,FCM-TS,400,171,0,0.03919542145625122,0.021518360032401523,0.01653888134740703,0.9922587889044044
AF10,60,SC9-TS,400,171,0,302.66129272256205,348.6958346620486,229.24266246257383,-2032749.5644766735
AF10,60,SC16-TS,400,171,0,2836482.0891474755,2878180.3563195583,1843835.144679935,-138492603891198.08
AF10,60,ANFIS-TS,400,171,13,0.45124999979990876,0.3537761783726761,0.2730410325224037,-1.092414609402593
AF10,60,Linear (clamped),400,171,0,0.1157430448365091,0.018875461617586103,0.01676856640470747,0.9940435742248961
AF10,60,PCHIP (clamped),400,171,0,0.0652665886112084,0.011863042175319886,0.01016961919579912,0.9976472124140198
AF10,60,Cubic spline (clamped),400,171,0,0.048718750926769826,0.01673013658204553,0.013415629890361568,0.9953206067506158
AF10,200,FCM-TS,400,171,0,0.24856525576983526,0.10172894165127931,0.08622122463431872,-1.0224740358255917
AF10,200,SC9-TS,400,171,0,3657.724058015831,1338.9469918358652,851.1871122356234,-350364962.40504146
AF10,200,SC16-TS,400,171,0,4120.212607081821,464.1362495249643,322.01089258635596,-42100268.849474795
AF10,200,ANFIS-TS,400,171,18,0.078516871461212,0.1073341719882035,0.07796573123400181,-1.2514894849703273
AF10,200,Linear (clamped),400,171,0,0.15834416298886975,0.14993736837045604,0.13636864803523943,-3.393530750951136
AF10,200,PCHIP (clamped),400,171,0,0.11252444751833471,0.12743724036502527,0.11565727763539074,-2.1738516176122897
AF10,200,Cubic spline (clamped),400,171,0,0.02589083787764037,0.009415894161186177,0.007943734108940009,0.982673252810764
AF10,340,FCM-TS,400,171,0,0.0677919959602118,0.08818459507166929,0.07538768229894598,0.8683579532577326
AF10,340,SC9-TS,400,171,0,99.6308026243809,97.7785678935825,64.57632531907417,-161842.96891163004
AF10,340,SC16-TS,400,171,0,2782715.8929099496,1386898.1996460566,694312.9974259121,-32561045764114.484
AF10,340,ANFIS-TS,400,171,28,0.17150248538032065,0.2134275316322106,0.16860307779865616,0.22890114335612055
AF10,340,Linear (clamped),400,171,0,0.12461840283807156,0.022487984913726708,0.01906311339692842,0.9914392806737954
AF10,340,PCHIP (clamped),400,171,0,0.06234175791668265,0.00649373781102688,0.0054462904114856775,0.9992861636237123
AF10,340,Cubic spline (clamped),400,171,0,0.021490943142247452,0.008707473796048722,0.0071093079480478855,0.9987165069295497
AF19,60,FCM-TS,400,171,0,0.05767554708796778,0.026282197905904494,0.0207489788383304,0.9880629112697275
AF19,60,SC9-TS,400,171,0,344.0426419837279,358.9530769308263,238.62360869365673,-2226641.1220312864
AF19,60,SC16-TS,400,171,0,2714368.641427144,2603261.7559160367,1697558.5982874967,-117114518215891.98
AF19,60,ANFIS-TS,400,171,7,0.3671532073777302,0.3461049922996164,0.265039154090217,-1.070097433937574
AF19,60,Linear (clamped),400,171,0,0.02739770787754947,0.016955096533658034,0.015371637849144972,0.9950320685665635
AF19,60,PCHIP (clamped),400,171,0,0.034213080779704426,0.046483618552529575,0.04285818726316698,0.9626599481243531
AF19,60,Cubic spline (clamped),400,171,0,0.057591638053184194,0.08107285104311303,0.07455404982886557,0.8864137004078858
AF19,200,FCM-TS,400,171,0,0.11225659743006115,0.04717703034780382,0.03846419739210415,0.53429755483611
AF19,200,SC9-TS,400,171,0,1537.3757237205134,1140.0035245841207,724.8776573267214,-271931616.87535566
AF19,200,SC16-TS,400,171,0,894.6717026069529,672.6259419011044,363.72481973398135,-94666111.90297757
AF19,200,ANFIS-TS,400,171,15,0.1609542313430953,0.1648970612876885,0.11829903038701575,-4.689487535524788
AF19,200,Linear (clamped),400,171,0,0.15237994889101353,0.15070949150106158,0.1365677393520528,-3.7525700571011873
AF19,200,PCHIP (clamped),400,171,0,0.12633256435988385,0.13164355911035522,0.11902238585284113,-2.6261565452108497
AF19,200,Cubic spline (clamped),400,171,0,0.055410151228727014,0.07598764822017538,0.07071052411594698,-0.20818468273804025
AF19,340,FCM-TS,400,171,0,0.11275150935925833,0.1108834765800371,0.09369024957416455,0.7865764743108246
AF19,340,SC9-TS,400,171,0,93.63656155517864,112.25210366224836,74.16624390151624,-218723.58395644333
AF19,340,SC16-TS,400,171,0,1968390.6348377264,2108439.327874022,1054615.6734251757,-77166861736676.03
AF19,340,ANFIS-TS,400,171,38,0.6947526344625472,0.9585001238053887,0.5892952767204979,-14.947513131500909
AF19,340,Linear (clamped),400,171,0,0.03195620259184809,0.02045303745384364,0.017510289804638743,0.992738534988823
AF19,340,PCHIP (clamped),400,171,0,0.028750205085960896,0.04046068242725035,0.032616632542620476,0.9715832092840597
AF19,340,Cubic spline (clamped),400,171,0,0.031564818649316075,0.04405166671933383,0.03773332661976049,0.9663152513184609
AF24,60,FCM-TS,400,171,0,0.05677157627275198,0.07951293784230465,0.06646851521828646,0.8853645640103776
AF24,60,SC9-TS,400,171,0,374.1468273022404,319.1834298998803,210.40716424036512,-1847241.7107832006
AF24,60,SC16-TS,400,171,0,2575977.53519944,2929995.61699119,1924635.4163959476,-155660072474670.8
AF24,60,ANFIS-TS,400,171,8,0.2385790707933705,0.1156743557665495,0.09179608678914988,0.7573851018966273
AF24,60,Linear (clamped),400,171,0,0.0402692233233485,0.03618967156088107,0.03009786098733428,0.976252791228787
AF24,60,PCHIP (clamped),400,171,0,0.02061414417247635,0.017828238079061996,0.014643060466383067,0.9942368471638875
AF24,60,Cubic spline (clamped),400,171,0,0.01707410804449282,0.016161540641532305,0.01387805494866659,0.9952640315090866
AF24,200,FCM-TS,400,171,0,0.12919945152669665,0.0728968992846452,0.0608850873249518,-0.07091824404712654
AF24,200,SC9-TS,400,171,0,1443.2216986874923,104.27138848531528,65.53367129133686,-2191130.8872463126
AF24,200,SC16-TS,400,171,0,2321.823029037072,1577.6451511294265,981.7138278475843,-501599227.3956142
AF24,200,ANFIS-TS,400,171,14,0.18346459729139666,0.1833965932226984,0.1274978539019665,-5.778299178433864
AF24,200,Linear (clamped),400,171,0,0.15688474762516857,0.15443486290086025,0.13935816205670015,-3.8064994786846444
AF24,200,PCHIP (clamped),400,171,0,0.13245585119796796,0.13297237611053497,0.11971860740845996,-2.563371190295048
AF24,200,Cubic spline (clamped),400,171,0,0.016789348950645076,0.017684301836969528,0.015961361232210033,0.9369748274276627
AF24,340,FCM-TS,400,171,0,0.10158705544982562,0.11097301689208058,0.09384913038020089,0.782203859768071
AF24,340,SC9-TS,400,171,0,131.69819693682425,138.05486568672876,91.21728645095551,-337068.0125820825
AF24,340,SC16-TS,400,171,0,2014968.8188281106,1940180.9271045858,970764.7232670439,-66573264735378.78
AF24,340,ANFIS-TS,400,171,15,49.623045559407856,58.35011764725275,39.35913502320556,-60213.19231421049
AF24,340,Linear (clamped),400,171,0,0.04265128300162821,0.029492375475374852,0.024109168557128975,0.9846172174108622
AF24,340,PCHIP (clamped),400,171,0,0.016901629587730702,0.016462907251939655,0.01526044871190256,0.9952067679317241
AF24,340,Cubic spline (clamped),400,171,0,0.02107211195531983,0.027499514011405508,0.025207869915894236,0.9866258733729765
AF28,60,FCM-TS,400,171,0,0.02710955595167582,0.01656894394381798,0.013927744570755898,0.994348974309309
AF28,60,SC9-TS,400,171,0,387.1728920186473,331.51847448563296,217.21721007120402,-2262314.103845292
AF28,60,SC16-TS,400,171,0,2324862.560211873,2438937.565282006,1476363.2523424607,-122444417693366.9
AF28,60,ANFIS-TS,400,171,8,0.5157507877039196,0.493658618112518,0.3888076879270781,-4.016387428063221
AF28,60,Linear (clamped),400,171,0,0.07280751501399164,0.06438804056338679,0.057471360413890865,0.914660903149916
AF28,60,PCHIP (clamped),400,171,0,0.04641932133479759,0.06479866504093862,0.057471360413890865,0.9135689593614063
AF28,60,Cubic spline (clamped),400,171,0,0.07046000337867872,0.09961127688034414,0.08718683252140415,0.7957534926265659
AF28,200,FCM-TS,400,171,0,0.09878436519709996,0.12389470234826265,0.1057927769693869,0.10474690854295232
AF28,200,SC9-TS,400,171,0,2892.489758584512,2953.321669047082,1876.7788270404194,-508700142.2183279
AF28,200,SC16-TS,400,171,0,2326.4708972534822,2029.2840643621964,1346.5123001474437,-240174029.32955402
AF28,200,ANFIS-TS,400,171,16,0.07294149844110245,0.08297734233458771,0.05851006175879019,0.5984317225735544
AF28,200,Linear (clamped),400,171,0,0.12891632119438404,0.13006187835367095,0.11866786140263186,0.013401616188812193
AF28,200,PCHIP (clamped),400,171,0,0.08201676629964932,0.09504457025619466,0.08698068225294035,0.4731403017280057
AF28,200,Cubic spline (clamped),400,171,0,0.10630903362558404,0.14988317885142927,0.13723031397965427,-0.3102257997840705
AF28,340,FCM-TS,400,171,0,0.07992119991340842,0.03808577699256757,0.03295662435942548,0.9682225449059616
AF28,340,SC9-TS,400,171,0,50.60357015545969,31.7014065726004,20.882332190091436,-22015.614464948994
AF28,340,SC16-TS,400,171,0,1564005.0093734514,259649.67308837007,132099.2978100296,-1476961020552.7214
AF28,340,ANFIS-TS,400,171,31,58.651814637018894,45.34558729742287,32.263024716955904,-45045.757500173764
AF28,340,Linear (clamped),400,171,0,0.07878989937618186,0.07164942179431812,0.06413949517927618,0.8875346203885077
AF28,340,PCHIP (clamped),400,171,0,0.041121637269441465,0.05740100358480788,0.04745918493979433,0.927817412734993
AF28,340,Cubic spline (clamped),400,171,0,0.07348305669957228,0.10379902997723338,0.08358626466972216,0.7639630123939938
AF29,60,FCM-TS,400,171,0,0.08781475967071463,0.07609059749828763,0.06542007582893836,0.8863813796944134
AF29,60,SC9-TS,400,171,0,413.94836518940053,409.378633746868,271.7463652239073,-3288802.0533646764
AF29,60,SC16-TS,400,171,0,3205273.93118668,2988263.495936754,1843913.9736865852,-175236795043324.53
AF29,60,ANFIS-TS,400,171,9,0.47581499000008554,0.4607704718818568,0.35170105877752067,-3.1663600881093483
AF29,60,Linear (clamped),400,171,0,0.06369677317109547,0.06505103334219763,0.0574344671747229,0.9169583591472537
AF29,60,PCHIP (clamped),400,171,0,0.013631273076523181,0.014349556659123974,0.0129737281531867,0.9959592266681597
AF29,60,Cubic spline (clamped),400,171,0,0.013867566385929946,0.008143337922469575,0.007241681081053783,0.9986986550339311
AF29,200,FCM-TS,400,171,0,0.233703776226749,0.0878933256194384,0.07470685066175976,0.5021668634330875
AF29,200,SC9-TS,400,171,0,2686.0165898264513,2755.717328463955,1751.3041406157815,-489374504.4601931
AF29,200,SC16-TS,400,171,0,2013.0455775757641,2008.7149995438574,1409.8585293849985,-260021134.9915084
AF29,200,ANFIS-TS,400,171,17,0.10964874848963076,0.04607869603779321,0.037487977878126855,0.8631728227510896
AF29,200,Linear (clamped),400,171,0,0.13408846753230025,0.13232086656558212,0.12046187179069726,-0.12831062813644056
AF29,200,PCHIP (clamped),400,171,0,0.0733530441589958,0.07471980367306354,0.0678177342302733,0.6402146707332934
AF29,200,Cubic spline (clamped),400,171,0,0.019681141775344566,0.004842325091407101,0.003646774356988284,0.9984889463249976
AF29,340,FCM-TS,400,171,0,0.0903057303389764,0.00382761673858906,0.0030474440603924804,0.9996912318985062
AF29,340,SC9-TS,400,171,0,47.21171037652401,52.377772322510985,34.54324358472966,-57817.867948404346
AF29,340,SC16-TS,400,171,0,1635536.451927212,747041.15275626,375267.99933272385,-11761550854214.21
AF29,340,ANFIS-TS,400,171,31,2.4355279607001243,0.7193475868818802,0.4341803987313025,-9.905689268303332
AF29,340,Linear (clamped),400,171,0,0.0963981645371096,0.07365381209357205,0.06583492937851801,0.8856684750294612
AF29,340,PCHIP (clamped),400,171,0,0.03419817827383576,0.01152321106017417,0.010372754962592295,0.9972015176620976
AF29,340,Cubic spline (clamped),400,171,0,0.01738028023502413,0.002378136970910759,0.0021378420875525043,0.9998808074073993
AF36,60,FCM-TS,400,171,0,0.06546088563016365,0.029097184666027405,0.024046036853663924,0.9856550652474262
AF36,60,SC9-TS,400,171,0,395.45932353305125,369.953317734846,244.9981225586898,-2318944.2195164897
AF36,60,SC16-TS,400,171,0,2458725.912355728,2565479.534418226,1661227.0858727877,-111515117312549.67
AF36,60,ANFIS-TS,400,171,12,0.4560338685378965,0.36281666605285245,0.2730368910135849,-1.2303401014864623
AF36,60,Linear (clamped),400,171,0,0.09694885307213881,0.019984165047237826,0.016476083674036964,0.9932334288577911
AF36,60,PCHIP (clamped),400,171,0,0.05862725506810036,0.0053879463900624695,0.004964185095545037,0.9995081381167629
AF36,60,Cubic spline (clamped),400,171,0,0.04854164095946391,0.007636595331347086,0.0065223860092539524,0.9990119107102555
AF36,200,FCM-TS,400,171,0,0.10446879462260185,0.07859465832541002,0.06709879334150813,-0.03745375460392064
AF36,200,SC9-TS,400,171,0,3294.448851868348,1486.4703127726034,945.082652976216,-371103598.1063136
AF36,200,SC16-TS,400,171,0,4048.955770383971,747.716000172601,410.4742119241961,-93897932.48937437
AF36,200,ANFIS-TS,400,171,19,0.3354871664137116,0.1406953590367471,0.11648827024809125,-2.3246216627704674
AF36,200,Linear (clamped),400,171,0,0.1504527602213689,0.14779366139770655,0.13472921880357602,-2.6685488199716856
AF36,200,PCHIP (clamped),400,171,0,0.10339669444381448,0.11827218512878704,0.10760598860397498,-1.3493511136838743
AF36,200,Cubic spline (clamped),400,171,0,0.031807751479614926,0.007533290934884749,0.006415931427605754,0.99046869940215
AF36,340,FCM-TS,400,171,0,0.25146362189799565,0.05008939779855786,0.042794804772344104,0.9567919196025031
AF36,340,SC9-TS,400,171,0,79.65698313562707,86.39269491968177,57.02393771448447,-128535.7736384741
AF36,340,SC16-TS,400,171,0,1780811.5493948774,1486388.2966778094,743818.0656597734,-38048532049541.5
AF36,340,ANFIS-TS,400,171,30,0.48252117350308077,0.22315070456256808,0.1654633277386598,0.14242941457237812
AF36,340,Linear (clamped),400,171,0,0.10773452943068362,0.027493875634169773,0.021999614839982144,0.986981969663516
AF36,340,PCHIP (clamped),400,171,0,0.06139832978660313,0.010601869559350347,0.008885064750154069,0.9980642990433962
AF36,340,Cubic spline (clamped),400,171,0,0.05053916472714109,0.017694259246246905,0.015630283014480908,0.994608146003827
AF38,60,FCM-TS,400,171,0,0.059764311094894544,0.06922345476121022,0.05631078080263331,0.9114827883845535
AF38,60,SC9-TS,400,171,0,356.7022436663229,284.69595741684174,185.72268703560144,-1497212.6761002429
AF38,60,SC16-TS,400,171,0,2295210.317415922,2894064.900383276,1941017.569212931,-154716886422214.9
AF38,60,ANFIS-TS,400,171,10,0.3266746761378255,0.2512718827928897,0.19598536313342668,-0.1662965008977242
AF38,60,Linear (clamped),400,171,0,0.04863761593144366,0.03932014345819978,0.033349264058741376,0.9714404492166201
AF38,60,PCHIP (clamped),400,171,0,0.019589994405014483,0.01598633461053533,0.014436111953205308,0.9952791632478283
AF38,60,Cubic spline (clamped),400,171,0,0.02621314102811921,0.033566848754231195,0.030016336117279514,0.9791866336695043
AF38,200,FCM-TS,400,171,0,0.1397714052986001,0.059685208406797224,0.04832518094558289,0.27529449132860495
AF38,200,SC9-TS,400,171,0,1479.4464299044544,28.974515018586057,18.15122758248302,-170788.23135249515
AF38,200,SC16-TS,400,171,0,1910.0602551985774,1381.0985611028395,821.1826106990086,-388040877.195508
AF38,200,ANFIS-TS,400,171,13,0.18808003864338782,0.1855286151098779,0.12880899243332072,-6.002448746316869
AF38,200,Linear (clamped),400,171,0,0.15433683858824124,0.1521091347949687,0.13728894896261823,-3.7069406824311004
AF38,200,PCHIP (clamped),400,171,0,0.1262866158944657,0.12978781825904664,0.11685222466343594,-2.426857119178118
AF38,200,Cubic spline (clamped),400,171,0,0.026196599675797592,0.03467662848492033,0.028563041113275785,0.7553744222648964
AF38,340,FCM-TS,400,171,0,0.11486737062501712,0.15413433815859134,0.1296062057402105,0.5799941164570438
AF38,340,SC9-TS,400,171,0,154.44172648209712,153.77292460507425,101.70365140683013,-418037.536674256
AF38,340,SC16-TS,400,171,0,1754423.9230911953,2244269.1584004117,1122301.390350732,-89044367381950.7
AF38,340,ANFIS-TS,400,171,8,14.380109481847803,12.013617711771026,7.470097275353038,-2550.5506063178827
AF38,340,Linear (clamped),400,171,0,0.051370094903578495,0.03367675119669656,0.027775271529630427,0.9799498813484353
AF38,340,PCHIP (clamped),400,171,0,0.013247350184800975,0.011100493532779828,0.009143726085227906,0.9978215823527214
AF38,340,Cubic spline (clamped),400,171,0,0.010692439560945123,0.013743975677742685,0.012610633756887127,0.9966605009355373
AF39,60,FCM-TS,400,171,0,0.39644385320604425,0.03254368394576924,0.024993015662537234,0.9724323177549444
AF39,60,SC9-TS,400,171,0,557.4308112678539,419.6212866463988,282.7242065181766,-4583336.61741978
AF39,60,SC16-TS,400,171,0,4799556.131850031,2006241.0450621566,1283107.5273704214,-104769060573644.28
AF39,60,ANFIS-TS,400,171,46,0.552606227619611,0.5255350107738719,0.38098083668145344,-6.18902733074743
AF39,60,Linear (clamped),400,171,0,0.09931196932289175,0.10287637953250617,0.09236267659233681,0.7245148639643322
AF39,60,PCHIP (clamped),400,171,0,0.07515377121233567,0.02966608464844777,0.026631624655543414,0.9770919938817194
AF39,60,Cubic spline (clamped),400,171,0,0.07680069314916395,0.007046596419371055,0.005665560137084641,0.9987075146628605
AF39,200,FCM-TS,400,171,0,0.23354832961249822,0.034771381865414765,0.026822881011248613,0.958235707484855
AF39,200,SC9-TS,400,171,0,7990.195715653243,3606.734321444158,2291.836715929392,-449354951.9468504
AF39,200,SC16-TS,400,171,0,3065.1383981649965,3118.212219709974,2197.807501168715,-335871044.4616783
AF39,200,ANFIS-TS,400,171,45,0.56228240878108,0.5433889492230812,0.4632780333822385,-9.199592757350262
AF39,200,Linear (clamped),400,171,0,0.12135903027026929,0.1030087957324978,0.09353633406204584,0.6334697292829004
AF39,200,PCHIP (clamped),400,171,0,0.07850592098107577,0.033443291439189456,0.03009926436858526,0.9613651478310904
AF39,200,Cubic spline (clamped),400,171,0,0.0465338924291488,0.0075497023997463065,0.00640714202544633,0.9980311125395523
AF39,340,FCM-TS,400,171,0,0.16851679608580877,0.07509027600077878,0.06405647106853539,0.8369461871813688
AF39,340,SC9-TS,400,171,0,175.45436265372948,4.789559582996928,3.3486948681716138,-662.3683058774309
AF39,340,SC16-TS,400,171,0,3545255.177545968,774067.0789680898,387696.7089776416,-17326895340553.432
AF39,340,ANFIS-TS,400,171,46,364.49045951664544,86.13870879690478,60.23163521615028,-214564.6874651389
AF39,340,Linear (clamped),400,171,0,0.08748208266102135,0.11012780355302423,0.09852775651712892,0.6492824387994303
AF39,340,PCHIP (clamped),400,171,0,0.07679490117987046,0.03989950651745868,0.03534088675824308,0.9539638913793024
AF39,340,Cubic spline (clamped),400,171,0,0.09151249929505369,0.010116286742032694,0.008227628929065568,0.9970405853526391
AF40,60,FCM-TS,400,171,0,0.4503475871648358,0.01142942983001088,0.009262574527747206,0.9972645330844118
AF40,60,SC9-TS,400,171,0,392.4955897446768,426.8296907594512,287.46732065773983,-3814972.9680106677
AF40,60,SC16-TS,400,171,0,10793053.602983339,2209737.618920161,1421897.6508306616,-102250102885606.16
AF40,60,ANFIS-TS,400,171,16,0.5979593518311442,0.494448771396489,0.38040306910642496,-4.119469257338205
AF40,60,Linear (clamped),400,171,0,0.06815017866165446,0.07861916502328631,0.07024800391696377,0.8705687369210166
AF40,60,PCHIP (clamped),400,171,0,0.029702968028970392,0.008903898532498651,0.007920822699476372,0.9983398675464026
AF40,60,Cubic spline (clamped),400,171,0,0.019527489037017107,0.004317336516020192,0.00393999989381533,0.999609685992381
AF40,200,FCM-TS,400,171,0,0.08910631291662449,0.0583899825807841,0.04996899420767694,0.8299085301289166
AF40,200,SC9-TS,400,171,0,2537.3965187623303,3196.1486252161917,2031.085027157039,-509635620.19568735
AF40,200,SC16-TS,400,171,0,2815.555775208683,2442.3765868233595,1720.187038612428,-297598746.40778273
AF40,200,ANFIS-TS,400,171,41,0.49860867761604166,0.16925592317385438,0.11189599390756447,-0.42920193210324764
AF40,200,Linear (clamped),400,171,0,0.12218414407990706,0.12366293605103298,0.11279010744384041,0.23706954828460258
AF40,200,PCHIP (clamped),400,171,0,0.08581120858255212,0.06142907963874383,0.05606882621056199,0.8117418182197135
AF40,200,Cubic spline (clamped),400,171,0,0.0716455166400385,0.0069344341778730285,0.006119432283319895,0.9976010129526525
AF40,340,FCM-TS,400,171,0,0.22481477745183778,0.03103385730859017,0.02671595363947876,0.978065468912975
AF40,340,SC9-TS,400,171,0,149.99843263466272,26.988500573864908,17.73614740182905,-16587.776275987104
AF40,340,SC16-TS,400,171,0,3474717.4978088625,974893.5430397161,488318.9264521813,-21645679543719.715
AF40,340,ANFIS-TS,400,171,46,5.538255043983558,1.0270479923537397,0.6882849433225307,-23.02361241858233
AF40,340,Linear (clamped),400,171,0,0.08547432622390302,0.08516681633593277,0.07621608760735916,0.834804709270642
AF40,340,PCHIP (clamped),400,171,0,0.05855254193754371,0.011753486353134073,0.01038129824155324,0.9968537715674183
AF40,340,Cubic spline (clamped),400,171,0,0.01773888995036293,0.0035843677722328243,0.00307640605412579,0.9997073948508833
