metric,model,mean,ci_95_lower,ci_95_upper,condition_winner_count
nrmse_pair,FCM-TS,0.0057857593649091495,0.0037492313509724573,0.008278939146363632,0.0
nrmse_pair,SC9-TS,0.013029328936388106,0.009452688489382199,0.01818954105668463,0.0
nrmse_pair,SC16-TS,0.004052382551682531,0.003147097911940426,0.005257550991843537,0.0
nrmse_pair,ANFIS-TS,0.003110042242248423,0.002425957898839776,0.003878736611462634,0.0
nrmse_pair,Linear (clamped),0.0005417037755060147,0.000338836553183424,0.0007680753448685355,5.0
nrmse_pair,PCHIP (clamped),0.0005777416002599126,0.00032139445559370444,0.0008494111202613802,2.0
nrmse_pair,Cubic spline (clamped),0.0006491789721549083,0.0003429128322181572,0.0009697499239060582,2.0
nrmse_pair,Paired difference: ANFIS-TS - Linear (clamped),0.0025683384667424085,0.001829781562381566,0.003401610284357818,
nrmse_pair,Paired difference: ANFIS-TS - PCHIP (clamped),0.0025323006419885104,0.0017460968682089222,0.0034132233039055175,
nrmse_pair,Paired difference: ANFIS-TS - Cubic spline (clamped),0.002460863270093515,0.0016424974158874227,0.0033744784721523643,
nrmse_force,FCM-TS,0.0021654844267904763,0.0018280635780686789,0.0024982773931674657,0.0
nrmse_force,SC9-TS,0.010130189823511658,0.009404357032305523,0.010783261227818775,0.0
nrmse_force,SC16-TS,0.0030559023353443505,0.0029648547276577095,0.003149059850629397,0.0
nrmse_force,ANFIS-TS,0.0027109184965932787,0.0023192003407766846,0.003166955421541618,0.0
nrmse_force,Linear (clamped),0.0006573882609890187,0.0003081166324309175,0.0010240091198710968,7.0
nrmse_force,PCHIP (clamped),0.0007428537442334432,0.0003388935784617745,0.0011675879511280401,2.0
nrmse_force,Cubic spline (clamped),0.0008505860694853366,0.0003815365222670718,0.0013434717436663461,0.0
nrmse_force,Paired difference: FCM-TS - Linear (clamped),0.0015080961658014576,0.0012747729240435188,0.0017541748479402495,
nrmse_force,Paired difference: FCM-TS - PCHIP (clamped),0.001422630682557033,0.001162886196182602,0.0016951470978528948,
nrmse_force,Paired difference: FCM-TS - Cubic spline (clamped),0.0013148983573051396,0.0010093497232903947,0.0016294292581410532,
