model,ridge,n,mean_pair,median_pair,max_pair
FCM-TS,0.0,27,0.1422965867858669,0.10446879462260185,0.4503475871648358
FCM-TS,1e-10,27,0.14229618336420674,0.10446873911196745,0.4503479045319152
FCM-TS,1e-08,27,0.14225626791697665,0.10446324628295137,0.4503793089649121
FCM-TS,1e-06,27,0.13848749511688876,0.10394135076910374,0.45336918889167394
FCM-TS,0.0001,27,0.09441479443783948,0.07634621650158467,0.47766908811139597
SC16-TS,0.0,27,2020290.8004262035,1968390.6348377264,10793053.602983339
SC16-TS,1e-10,27,76.73000210757783,54.69987693595556,240.35725489759992
SC16-TS,1e-08,27,4.924356681221625,5.918841328496216,11.990062778250758
SC16-TS,1e-06,27,0.31943572693093203,0.3164487412534018,0.6280267619410165
SC16-TS,0.0001,27,0.2936939695281227,0.27723163996289657,0.6225675754375212
SC9-TS,0.0,27,1186.100284407635,387.1728920186473,7990.195715653243
SC9-TS,1e-10,27,150.9129877581928,30.900958998490037,916.2728492441572
SC9-TS,1e-08,27,72.77349567038789,21.687632394394836,401.9602459190571
SC9-TS,1e-06,27,2.4092769825245792,2.4067471081765506,7.586556769246723
SC9-TS,0.0001,27,0.2977875407687428,0.3443126972146074,0.5747457485295182
