experiment,start,model,ridge,nrmse_pair,nrmse_force,nmae_force,r2_force
AF10,60,FCM-TS,0.0,0.03919542145625122,0.021518360032401523,0.01653888134740703,0.9922587889044044
AF10,60,FCM-TS,1e-10,0.03919534992226841,0.021518406278472707,0.016538900346283896,0.9922587556304019
AF10,60,FCM-TS,1e-08,0.03918827191349914,0.02152298405107919,0.016540780380344094,0.992255461573638
AF10,60,FCM-TS,1e-06,0.03851840169128044,0.021972950051515693,0.01673395918618704,0.991928257326017
AF10,60,FCM-TS,0.0001,0.02588143226667926,0.028976545278688873,0.021999423134455756,0.9859626935103174
AF10,60,SC9-TS,0.0,302.66129272256205,348.6958346620486,229.24266246257383,-2032749.5644766735
AF10,60,SC9-TS,1e-10,256.5357551613135,304.7125194787178,212.9140262139807,-1552282.9512572505
AF10,60,SC9-TS,1e-08,121.60560637944367,143.92900602480316,101.20183112094227,-346326.6958939136
AF10,60,SC9-TS,1e-06,2.8311103487231737,3.1736588217909754,2.286680825781211,-167.38796369242843
AF10,60,SC9-TS,0.0001,0.4468162385083467,0.3691282325205951,0.2637760373769767,-1.277954774801338
AF10,60,SC16-TS,0.0,2836482.0891474755,2878180.3563195583,1843835.144679935,-138492603891198.08
AF10,60,SC16-TS,1e-10,11.649808155675741,11.338536261259877,7.750490126080283,-2148.337212123479
AF10,60,SC16-TS,1e-08,0.638570943497594,0.5057215774290197,0.41354500940852473,-3.2757621554344025
AF10,60,SC16-TS,1e-06,0.5350630655800052,0.4198753435449417,0.35159481582090196,-1.9473473119434663
AF10,60,SC16-TS,0.0001,0.5007130168590673,0.40287081813180325,0.31534331337253646,-1.7134523045754046
AF10,200,FCM-TS,0.0,0.24856525576983526,0.10172894165127931,0.08622122463431872,-1.0224740358255917
AF10,200,FCM-TS,1e-10,0.24856496228075903,0.10172890192015108,0.08622119661927637,-1.0224724560360392
AF10,200,FCM-TS,1e-08,0.24853591179197818,0.10172496880373096,0.08621842304813662,-1.0223160704720096
AF10,200,FCM-TS,1e-06,0.24567695225101324,0.10133458929246797,0.08594061788096874,-1.0068241822390163
AF10,200,FCM-TS,0.0001,0.1261373435364407,0.07971265108585246,0.06793619889701379,-0.24179071610760539
AF10,200,SC9-TS,0.0,3657.724058015831,1338.9469918358652,851.1871122356234,-350364962.40504146
AF10,200,SC9-TS,1e-10,86.18048790616068,17.176538585594425,11.470892466861708,-57657.74708462789
AF10,200,SC9-TS,1e-08,60.32177768446759,9.722472302756046,6.721803810445613,-18472.42116429394
AF10,200,SC9-TS,1e-06,1.3876903508495688,0.294871503546523,0.2190247971479562,-15.992587341216666
AF10,200,SC9-TS,0.0001,0.35662598870099976,0.22900928116533323,0.17092383213525386,-9.249438395424459
AF10,200,SC16-TS,0.0,4120.212607081821,464.1362495249643,322.01089258635596,-42100268.849474795
AF10,200,SC16-TS,1e-10,82.03063912922117,7.765049464560328,5.563578366665583,-11782.71840213201
AF10,200,SC16-TS,1e-08,11.990062778250758,1.0574985138312052,0.7796184201035183,-217.55131994175196
AF10,200,SC16-TS,1e-06,0.16149556842551713,0.0731838883763371,0.05122027890568664,-0.04670636083690183
AF10,200,SC16-TS,0.0001,0.08716373707155071,0.10967108602618127,0.09692019176851621,-1.3505970706624506
AF10,340,FCM-TS,0.0,0.0677919959602118,0.08818459507166929,0.07538768229894598,0.8683579532577326
AF10,340,FCM-TS,1e-10,0.06779179231139483,0.08818412895533123,0.07538729129997032,0.8683593448918734
AF10,340,FCM-TS,1e-08,0.06777169045888054,0.08813801112651874,0.07534860526304372,0.8684969976371554
AF10,340,FCM-TS,1e-06,0.06631050029645988,0.08379287079045913,0.0717003217765589,0.8811433964748293
AF10,340,FCM-TS,0.0001,0.1212124967222875,0.023136489865521963,0.01811909993955589,0.9909384160592031
AF10,340,SC9-TS,0.0,99.6308026243809,97.7785678935825,64.57632531907417,-161842.96891163004
AF10,340,SC9-TS,1e-10,11.555094994179013,11.121628297051918,7.090323871606434,-2092.8517448277094
AF10,340,SC9-TS,1e-08,4.373623938968924,4.521103754161266,3.2964802944702947,-345.0175472663904
AF10,340,SC9-TS,1e-06,3.301663238280689,3.4038338818907596,2.476584390895877,-195.1308406557502
AF10,340,SC9-TS,0.0001,0.06969398724085077,0.056519128814359956,0.04359566018323144,0.945924556009636
AF10,340,SC16-TS,0.0,2782715.8929099496,1386898.1996460566,694312.9974259121,-32561045764114.484
AF10,340,SC16-TS,1e-10,132.73337937916617,147.53995671574032,74.17858478068342,-368491.3526373746
AF10,340,SC16-TS,1e-08,5.264821523167242,5.770975336760053,3.042655216181882,-562.7773351358998
AF10,340,SC16-TS,1e-06,0.2378612351408919,0.32776978266392387,0.26802019443107583,-0.8186411025171518
AF10,340,SC16-TS,0.0001,0.23184878479031373,0.3121663012227405,0.24607032938178217,-0.649609743221671
AF19,60,FCM-TS,0.0,0.05767554708796778,0.026282197905904494,0.0207489788383304,0.9880629112697275
AF19,60,FCM-TS,1e-10,0.057675273914967816,0.026282188482703032,0.02074897182092205,0.9880629198295573
AF19,60,FCM-TS,1e-08,0.057648242441405394,0.026281255823942185,0.02074827726752508,0.9880637670211729
AF19,60,FCM-TS,1e-06,0.05506982211760802,0.026190453757822963,0.020681058775676723,0.988146104204172
AF19,60,FCM-TS,0.0001,0.01758048445935175,0.021699759759647153,0.017622487585543297,0.991862614117918
AF19,60,SC9-TS,0.0,344.0426419837279,358.9530769308263,238.62360869365673,-2226641.1220312864
AF19,60,SC9-TS,1e-10,256.2396299991427,253.85070404863896,177.2637295084386,-1113605.620250979
AF19,60,SC9-TS,1e-08,122.74204649546567,122.20121717837341,85.94412729718327,-258062.22658698336
AF19,60,SC9-TS,1e-06,2.793185143840773,2.774035797358676,2.001592459892067,-131.98393567476438
AF19,60,SC9-TS,0.0001,0.37750853518277117,0.3598672283242639,0.25666498136530624,-1.2379978118638806
AF19,60,SC16-TS,0.0,2714368.641427144,2603261.7559160367,1697558.5982874967,-117114518215891.98
AF19,60,SC16-TS,1e-10,10.74782873432047,9.95294332942583,6.965841283559551,-1710.8989365456719
AF19,60,SC16-TS,1e-08,0.5119624424441983,0.4741201471834608,0.3859747008669631,-2.8846498654594073
AF19,60,SC16-TS,1e-06,0.4344789193680921,0.4096122680932745,0.3400154818962965,-1.8994856961147186
AF19,60,SC16-TS,0.0001,0.41665931906482695,0.3953582754772182,0.3089713505525109,-1.7011999126907256
AF19,200,FCM-TS,0.0,0.11225659743006115,0.04717703034780382,0.03846419739210415,0.53429755483611
AF19,200,FCM-TS,1e-10,0.11225653331250839,0.047177034942588666,0.0384642125126622,0.5342974641223611
AF19,200,FCM-TS,1e-08,0.11225018622185771,0.04717748979223797,0.038465708719116594,0.534288484089745
AF19,200,FCM-TS,1e-06,0.11162159066786122,0.047224497133051525,0.03861018947743154,0.5333599579431295
AF19,200,FCM-TS,0.0001,0.08011594765575718,0.04910984510839168,0.04091215542239456,0.49535677487375807
AF19,200,SC9-TS,0.0,1537.3757237205134,1140.0035245841207,724.8776573267214,-271931616.87535566
AF19,200,SC9-TS,1e-10,16.58136178736648,22.886576868557977,14.899430407272604,-109598.60758307527
AF19,200,SC9-TS,1e-08,10.269769650569895,13.584042004984136,8.992232502912788,-38609.493280026974
AF19,200,SC9-TS,1e-06,0.29147707011262314,0.39592639714626754,0.28227444113713657,-31.800180549868905
AF19,200,SC9-TS,0.0001,0.24566159264711984,0.21325514611535398,0.16209588137193898,-8.515823070419094
AF19,200,SC16-TS,0.0,894.6717026069529,672.6259419011044,363.72481973398135,-94666111.90297757
AF19,200,SC16-TS,1e-10,14.800311766299334,15.545353653546982,10.833530512241776,-50563.82769090811
AF19,200,SC16-TS,1e-08,2.198482763482766,2.393236010834184,1.6087580964339019,-1197.4457412939673
AF19,200,SC16-TS,1e-06,0.07268843065264968,0.08231821848941435,0.05967380971242806,-0.4178792418432755
AF19,200,SC16-TS,0.0001,0.10448054545685838,0.11771085184465178,0.10443589418080267,-1.8992143369146621
AF19,340,FCM-TS,0.0,0.11275150935925833,0.1108834765800371,0.09369024957416455,0.7865764743108246
AF19,340,FCM-TS,1e-10,0.11275102922793868,0.1108828057269866,0.09368968931977949,0.7865790567585357
AF19,340,FCM-TS,1e-08,0.11270352619159225,0.11081643125205017,0.09363425709346321,0.7868344879438951
AF19,340,FCM-TS,1e-06,0.10824146633183696,0.10456185096375287,0.08840678059710735,0.8102179441359187
AF19,340,FCM-TS,0.0001,0.05037360384842574,0.018848411219483118,0.015473314000417331,0.9938332247828644
AF19,340,SC9-TS,0.0,93.63656155517864,112.25210366224836,74.16624390151624,-218723.58395644333
AF19,340,SC9-TS,1e-10,11.142120259921196,13.13798356126961,8.412697496002366,-2995.167232539318
AF19,340,SC9-TS,1e-08,3.748468667479345,4.7241939167624825,3.451954351288317,-386.4039583853452
AF19,340,SC9-TS,1e-06,2.8326946441647003,3.5717452961354677,2.603919384409274,-220.44688963344097
AF19,340,SC9-TS,0.0001,0.0719589215269147,0.05707993256368281,0.0437509597149464,0.9434444116781355
AF19,340,SC16-TS,0.0,1968390.6348377264,2108439.327874022,1054615.6734251757,-77166861736676.03
AF19,340,SC16-TS,1e-10,150.99649201886058,132.1187134842171,66.72990063148274,-302995.2781876938
AF19,340,SC16-TS,1e-08,5.918841328496216,5.131779003638779,2.719778404954176,-456.1350411123076
AF19,340,SC16-TS,1e-06,0.3164487412534018,0.3405073554388497,0.27982594726388715,-1.0126192268605436
AF19,340,SC16-TS,0.0001,0.29989160527688297,0.31919554619246227,0.25181672136357025,-0.7685700560625317
AF24,60,FCM-TS,0.0,0.05677157627275198,0.07951293784230465,0.06646851521828646,0.8853645640103776
AF24,60,FCM-TS,1e-10,0.0567714651066539,0.07951278156138554,0.06646837880911938,0.8853650146367581
AF24,60,FCM-TS,1e-08,0.056760464975708566,0.07949731691567083,0.06645488037078459,0.8854096016076363
AF24,60,FCM-TS,1e-06,0.05570999093328193,0.07801771761146438,0.06516169633903142,0.8896354062714436
AF24,60,FCM-TS,0.0001,0.03691188237860688,0.0497805672752859,0.03988823752653765,0.9550672530816525
AF24,60,SC9-TS,0.0,374.1468273022404,319.1834298998803,210.40716424036512,-1847241.7107832006
AF24,60,SC9-TS,1e-10,234.89488485183352,265.2801484452266,185.32918133695492,-1276005.2180292434
AF24,60,SC9-TS,1e-08,114.06712975847282,125.78901858918876,88.44520277416729,-286897.80839246034
AF24,60,SC9-TS,1e-06,2.6275213022724344,2.7458707172298706,1.976347603111575,-135.71099943897084
AF24,60,SC9-TS,0.0001,0.3443126972146074,0.2964985810142142,0.211192670266588,-0.5940007648540799
AF24,60,SC16-TS,0.0,2575977.53519944,2929995.61699119,1924635.4163959476,-155660072474670.8
AF24,60,SC16-TS,1e-10,10.648688810784988,11.153458682907598,7.689354500574915,-2254.60169647559
AF24,60,SC16-TS,1e-08,0.47737894512191936,0.42675871549193134,0.343627476210765,-2.302235831472205
AF24,60,SC16-TS,1e-06,0.3983617289510493,0.33695681845081277,0.28357388648703946,-1.0586939335388572
AF24,60,SC16-TS,0.0001,0.37763128554010006,0.31972260359271915,0.24920684524367948,-0.8534888113218155
AF24,200,FCM-TS,0.0,0.12919945152669665,0.0728968992846452,0.0608850873249518,-0.07091824404712654
AF24,200,FCM-TS,1e-10,0.12919935176628933,0.07289689432550688,0.060885083725246834,-0.07091809833910356
AF24,200,FCM-TS,1e-08,0.12918947682728177,0.07289640319719565,0.06088472709655262,-0.07090366819279392
AF24,200,FCM-TS,1e-06,0.12821461453889027,0.0728462191734512,0.060847123768790735,-0.06942969269103183
AF24,200,FCM-TS,0.0001,0.08424462461252165,0.06748831155159603,0.05577664512687218,0.08210008076943098
AF24,200,SC9-TS,0.0,1443.2216986874923,104.27138848531528,65.53367129133686,-2191130.8872463126
AF24,200,SC9-TS,1e-10,30.900958998490037,43.065098263270706,27.516315358117893,-373755.78964852873
AF24,200,SC9-TS,1e-08,20.046153737692812,28.08371582023536,17.927009720131604,-158944.17369478277
AF24,200,SC9-TS,1e-06,0.5213935898769314,0.7200830691426237,0.4626702958180692,-103.49689961476331
AF24,200,SC9-TS,0.0001,0.2013397590517685,0.147802333403333,0.12945098641249866,-3.4025144156369977
AF24,200,SC16-TS,0.0,2321.823029037072,1577.6451511294265,981.7138278475843,-501599227.3956142
AF24,200,SC16-TS,1e-10,47.37115549197796,25.139061238332033,16.051699172351853,-127359.95813079277
AF24,200,SC16-TS,1e-08,6.29122328002411,3.3912978129299867,2.257617268440723,-2316.7685489330324
AF24,200,SC16-TS,1e-06,0.1033416851296909,0.10788135033968502,0.08766352171034215,-1.3454757842075815
AF24,200,SC16-TS,0.0001,0.11010600274673132,0.11465298234358483,0.10281839620148642,-1.6491644462868948
AF24,340,FCM-TS,0.0,0.10158705544982562,0.11097301689208058,0.09384913038020089,0.782203859768071
AF24,340,FCM-TS,1e-10,0.10158671514498378,0.11097236022186083,0.09384857455865497,0.7822064373282767
AF24,340,FCM-TS,1e-08,0.10155304931313826,0.11090738886697207,0.09379358041060129,0.7824613873086235
AF24,340,FCM-TS,1e-06,0.09842283454498235,0.10478594341004151,0.08860445713804456,0.805812420300893
AF24,340,FCM-TS,0.0001,0.06333251616610837,0.02131190873748318,0.018516593759521166,0.9919673269813594
AF24,340,SC9-TS,0.0,131.69819693682425,138.05486568672876,91.21728645095551,-337068.0125820825
AF24,340,SC9-TS,1e-10,15.619569637973475,15.857343159653613,10.123282793553031,-4446.093314754065
AF24,340,SC9-TS,1e-08,5.352188589224261,6.186819678754248,4.470256372333916,-675.9402068057315
AF24,340,SC9-TS,1e-06,4.0577869706523035,4.678238472349382,3.3707533213367267,-386.0616160153924
AF24,340,SC9-TS,0.0001,0.045604515328611546,0.04416051182634747,0.03675556068603747,0.9655107627474389
AF24,340,SC16-TS,0.0,2014968.8188281106,1940180.9271045858,970764.7232670439,-66573264735378.78
AF24,340,SC16-TS,1e-10,157.50442925872932,183.34120172080088,91.94091769840438,-594476.6623356717
AF24,340,SC16-TS,1e-08,6.181367017971712,7.201930404630121,3.7972744686724407,-916.3038870450055
AF24,340,SC16-TS,1e-06,0.35623180800082704,0.39906497833962545,0.3229700442672996,-1.8164537596964956
AF24,340,SC16-TS,0.0001,0.3463027149090765,0.39496773947845215,0.31478698880469663,-1.758917043164876
AF28,60,FCM-TS,0.0,0.02710955595167582,0.01656894394381798,0.013927744570755898,0.994348974309309
AF28,60,FCM-TS,1e-10,0.02710949445739708,0.016568859146318074,0.013927685545524347,0.9943490321514534
AF28,60,FCM-TS,1e-08,0.027103411406299672,0.016560474850237393,0.01392184462496867,0.994354749793149
AF28,60,FCM-TS,1e-06,0.02654059391170291,0.015824644358354636,0.013395701979632258,0.994845274520345
AF28,60,FCM-TS,0.0001,0.01808280496455834,0.01971309522063085,0.016020901001825308,0.9920007869513215
AF28,60,SC9-TS,0.0,387.1728920186473,331.51847448563296,217.21721007120402,-2262314.103845292
AF28,60,SC9-TS,1e-10,286.68889004733063,308.66675615703593,215.72805483159632,-1961178.478341788
AF28,60,SC9-TS,1e-08,137.28359604137083,145.17027626126776,102.08339745811021,-433802.47938319674
AF28,60,SC9-TS,1e-06,3.2304756202291385,3.3023782079322213,2.3824964137206166,-223.48702469224153
AF28,60,SC9-TS,0.0001,0.478459275556828,0.4640511166183382,0.33106767129436454,-3.4327094791723924
AF28,60,SC16-TS,0.0,2324862.560211873,2438937.565282006,1476363.2523424607,-122444417693366.9
AF28,60,SC16-TS,1e-10,10.472259102644392,11.085745740417645,7.139233817675976,-2528.6908590252187
AF28,60,SC16-TS,1e-08,0.6228656181939166,0.6205829708395576,0.5149905816874006,-6.927519749682855
AF28,60,SC16-TS,1e-06,0.5530401305907063,0.5354666738686463,0.44492027919586435,-4.902045015571162
AF28,60,SC16-TS,0.0001,0.5391633344195366,0.5201434597270239,0.40834039559181456,-4.569085795181363
AF28,200,FCM-TS,0.0,0.09878436519709996,0.12389470234826265,0.1057927769693869,0.10474690854295232
AF28,200,FCM-TS,1e-10,0.09878430566145031,0.12389461810448199,0.10579270597963056,0.10474812602001926
AF28,200,FCM-TS,1e-08,0.09877841209293774,0.12388627866339412,0.10578567852913764,0.10486864213457492
AF28,200,FCM-TS,1e-06,0.09819434180115699,0.12305993593853999,0.10508883460046803,0.11677017601647077
AF28,200,FCM-TS,0.0001,0.06834449523779464,0.08112212486431353,0.0691593305684847,0.6161876087529188
AF28,200,SC9-TS,0.0,2892.489758584512,2953.321669047082,1876.7788270404194,-508700142.2183279
AF28,200,SC9-TS,1e-10,21.00805033050483,28.387838866026577,20.574424898571618,-46999.7749842667
AF28,200,SC9-TS,1e-08,17.046866135748022,22.341915575050347,16.086508510946484,-29111.611766873477
AF28,200,SC9-TS,1e-06,0.3319136121538089,0.4338974134893762,0.3220575040300061,-9.98030689447825
AF28,200,SC9-TS,0.0001,0.3661074491395848,0.3598306382931594,0.24777353082594578,-6.551559254573655
AF28,200,SC16-TS,0.0,2326.4708972534822,2029.2840643621964,1346.5123001474437,-240174029.32955402
AF28,200,SC16-TS,1e-10,54.69987693595556,25.882899171714797,15.301249802218953,-39071.04991956684
AF28,200,SC16-TS,1e-08,7.007549808397328,3.2888723462861362,2.0391423723109905,-629.8620319681022
AF28,200,SC16-TS,1e-06,0.1560692123412671,0.1137305087798657,0.08739752974702124,0.24561278412450693
AF28,200,SC16-TS,0.0001,0.09284885222486641,0.0773093096873058,0.06022193086574914,0.6514188110765853
AF28,340,FCM-TS,0.0,0.07992119991340842,0.03808577699256757,0.03295662435942548,0.9682225449059616
AF28,340,FCM-TS,1e-10,0.07992076909244245,0.03808564541857567,0.03295651208694591,0.9682227644671588
AF28,340,FCM-TS,1e-08,0.07987814404182778,0.03807262780341767,0.03294540394535394,0.9682444835754253
AF28,340,FCM-TS,1e-06,0.0758686946912682,0.03685096508019036,0.03190135432379957,0.9702497098713381
AF28,340,FCM-TS,0.0001,0.02832364979678316,0.025011238601466295,0.02092736274452653,0.9862954786413788
AF28,340,SC9-TS,0.0,50.60357015545969,31.7014065726004,20.882332190091436,-22015.614464948994
AF28,340,SC9-TS,1e-10,5.873759547637468,3.3740045276856137,2.1615149996906156,-248.39330783730594
AF28,340,SC9-TS,1e-08,2.228903952068648,1.781766745836896,1.376644596229588,-68.5496857133442
AF28,340,SC9-TS,1e-06,1.6543926635331307,1.3046819021853513,1.0095199733441693,-36.29089010151479
AF28,340,SC9-TS,0.0001,0.1117836019708823,0.1156254008779719,0.09220771551425724,0.7071130804272281
AF28,340,SC16-TS,0.0,1564005.0093734514,259649.67308837007,132099.2978100296,-1476961020552.7214
AF28,340,SC16-TS,1e-10,169.15013790844228,145.86919520642945,73.6884097079267,-466143.58885418
AF28,340,SC16-TS,1e-08,6.66135933993261,5.7313423439697315,3.002904614351983,-718.624887187173
AF28,340,SC16-TS,1e-06,0.20976303570646596,0.2210620737188554,0.1887232317760831,-0.0705869687906322
AF28,340,SC16-TS,0.0001,0.18126211128109532,0.1957919794934115,0.1487562049596503,0.1601856951422822
AF29,60,FCM-TS,0.0,0.08781475967071463,0.07609059749828763,0.06542007582893836,0.8863813796944134
AF29,60,FCM-TS,1e-10,0.08781446310635417,0.07609051722667176,0.06542000611612638,0.8863816194177363
AF29,60,FCM-TS,1e-08,0.08778511777695447,0.07608257361159733,0.06541310736110287,0.8864053409957302
AF29,60,FCM-TS,1e-06,0.08499027856819799,0.0753178618342876,0.06474870462007007,0.888677362436863
AF29,60,FCM-TS,0.0001,0.04155710658870657,0.053017620234593096,0.045226013878713035,0.9448395269001225
AF29,60,SC9-TS,0.0,413.94836518940053,409.378633746868,271.7463652239073,-3288802.0533646764
AF29,60,SC9-TS,1e-10,251.82221167780085,297.98347946389435,208.09666337532664,-1742495.4276363393
AF29,60,SC9-TS,1e-08,122.89509570684024,143.03816990122786,100.5909872788418,-401504.42000957683
AF29,60,SC9-TS,1e-06,2.9173961123890053,3.266914263839245,2.3586013821755163,-208.44162397012263
AF29,60,SC9-TS,0.0001,0.4648486063032016,0.4598083752952589,0.32783863177215467,-3.148979391136163
AF29,60,SC16-TS,0.0,3205273.93118668,2988263.495936754,1843913.9736865852,-175236795043324.53
AF29,60,SC16-TS,1e-10,11.674418306145819,11.174933739426924,7.282724470616251,-2449.628251549362
AF29,60,SC16-TS,1e-08,0.607660337428349,0.6005370902042674,0.4901230385929795,-6.0772932830478865
AF29,60,SC16-TS,1e-06,0.5355993031081947,0.5247328289334886,0.4321529495439419,-4.403361129003913
AF29,60,SC16-TS,0.0001,0.5263184652793154,0.5140796033755869,0.4039297099259025,-4.186188152685561
AF29,200,FCM-TS,0.0,0.233703776226749,0.0878933256194384,0.07470685066175976,0.5021668634330875
AF29,200,FCM-TS,1e-10,0.23370349747128363,0.087893281376359,0.07470681357097383,0.5021673646239412
AF29,200,FCM-TS,1e-08,0.23367590499748925,0.08788890171023443,0.07470314189093698,0.5022169767529281
AF29,200,FCM-TS,1e-06,0.23095392725965838,0.08745477579653776,0.074338867237899,0.507122415163906
AF29,200,FCM-TS,0.0001,0.10983056177689116,0.06497962933738907,0.05507825125290141,0.7279013008222539
AF29,200,SC9-TS,0.0,2686.0165898264513,2755.717328463955,1751.3041406157815,-489374504.4601931
AF29,200,SC9-TS,1e-10,23.916979052527587,26.751148101595543,19.28019236244017,-46115.5550558797
AF29,200,SC9-TS,1e-08,18.892168591732986,20.950451373781366,15.011764988597276,-28284.168783257413
AF29,200,SC9-TS,1e-06,0.4120925624008745,0.38745714513494134,0.2868892855528671,-8.674295629736697
AF29,200,SC9-TS,0.0001,0.2868887517666211,0.32501162359988117,0.22417095751243743,-5.8072200938998995
AF29,200,SC16-TS,0.0,2013.0455775757641,2008.7149995438574,1409.8585293849985,-260021134.9915084
AF29,200,SC16-TS,1e-10,40.547577386876675,43.49327026528133,31.604243253608335,-121902.48832079746
AF29,200,SC16-TS,1e-08,6.180020691107125,6.478132948421106,4.639975158975141,-2703.4049332074596
AF29,200,SC16-TS,1e-06,0.16617669294448173,0.14976957334294624,0.10573321599489047,-0.44550364586231406
AF29,200,SC16-TS,0.0001,0.09067569858364619,0.07143453785409493,0.05734546252952398,0.6711570882560352
AF29,340,FCM-TS,0.0,0.0903057303389764,0.00382761673858906,0.0030474440603924804,0.9996912318985062
AF29,340,FCM-TS,1e-10,0.09030496289666401,0.003827645703230922,0.0030474578176461634,0.99969122722542
AF29,340,FCM-TS,1e-08,0.09022903325621771,0.0038305298713805056,0.0030488191067975273,0.9996907617235471
AF29,340,FCM-TS,1e-06,0.0830905225783716,0.0042509137363824015,0.003244032050318903,0.9996191621356348
AF29,340,FCM-TS,0.0001,0.023372578135096318,0.015058001179826846,0.011177733561529159,0.995221295335747
AF29,340,SC9-TS,0.0,47.21171037652401,52.377772322510985,34.54324358472966,-57817.867948404346
AF29,340,SC9-TS,1e-10,4.577802000964427,5.325075654876765,3.336498529325967,-596.6227227415422
AF29,340,SC9-TS,1e-08,3.2345994511410434,3.2310601900342637,2.3367474934699635,-219.02175979766196
AF29,340,SC9-TS,1e-06,2.3837839531886837,2.3927138630722187,1.7345858021470508,-119.65826299764353
AF29,340,SC9-TS,0.0001,0.12476743174798484,0.09471091473622735,0.07607362549843473,0.8109504710943435
AF29,340,SC16-TS,0.0,1635536.451927212,747041.15275626,375267.99933272385,-11761550854214.21
AF29,340,SC16-TS,1e-10,178.58997699302887,141.0327349407975,70.6378803220817,-419193.32354065496
AF29,340,SC16-TS,1e-08,7.099250871736657,5.542704150628621,2.869537278980651,-646.4689310338575
AF29,340,SC16-TS,1e-06,0.17618889979970637,0.2202179409360903,0.18474145693000904,-0.022070685940469792
AF29,340,SC16-TS,0.0001,0.15927157494565874,0.20006022780503827,0.15318419095169278,0.15647675453164533
AF36,60,FCM-TS,0.0,0.06546088563016365,0.029097184666027405,0.024046036853663924,0.9856550652474262
AF36,60,FCM-TS,1e-10,0.06546035289877515,0.029097139350228726,0.02404599528713442,0.9856551099288396
AF36,60,FCM-TS,1e-08,0.06540764102520923,0.029092654956784654,0.02404188185760864,0.9856595312001649
AF36,60,FCM-TS,1e-06,0.060416106265948476,0.028661541464359706,0.02364586895564189,0.9860813945502885
AF36,60,FCM-TS,0.0001,0.051556962821233725,0.016761882839815806,0.012548384736583398,0.9952396132460498
AF36,60,SC9-TS,0.0,395.45932353305125,369.953317734846,244.9981225586898,-2318944.2195164897
AF36,60,SC9-TS,1e-10,229.64817608377945,281.65693733636783,196.73089016794327,-1344117.447676524
AF36,60,SC9-TS,1e-08,112.43382738199799,134.65394489810862,94.69725497643732,-307208.61150433606
AF36,60,SC9-TS,1e-06,2.7485076037914453,3.0321779792320562,2.187745517264218,-154.77796114640284
AF36,60,SC9-TS,0.0001,0.45843882513861905,0.3794409067468301,0.27153911544267967,-1.4394107622846364
AF36,60,SC16-TS,0.0,2458725.912355728,2565479.534418226,1661227.0858727877,-111515117312549.67
AF36,60,SC16-TS,1e-10,10.590086601891196,10.453775914680184,7.1292474253615685,-1850.5822523934846
AF36,60,SC16-TS,1e-08,0.596841233516281,0.510348039995769,0.41922338164873973,-3.4129554074056907
AF36,60,SC16-TS,1e-06,0.5313651152932622,0.43352387504518486,0.3617422781730566,-2.1843637874418667
AF36,60,SC16-TS,0.0001,0.5127071162682855,0.41809381658789585,0.32790772880436725,-1.961720870658215
AF36,200,FCM-TS,0.0,0.10446879462260185,0.07859465832541002,0.06709879334150813,-0.03745375460392064
AF36,200,FCM-TS,1e-10,0.10446873911196745,0.07859462015019737,0.06709876059906202,-0.03745274677440835
AF36,200,FCM-TS,1e-08,0.10446324628295137,0.07859084132279807,0.06709551953747835,-0.037352987767692136
AF36,200,FCM-TS,1e-06,0.10394135076910374,0.07821650764282526,0.06677439393721323,-0.02749455219711483
AF36,200,FCM-TS,0.0001,0.09200777398357399,0.05924851169679865,0.05041170443510646,0.41042701255445213
AF36,200,SC9-TS,0.0,3294.448851868348,1486.4703127726034,945.082652976216,-371103598.1063136
AF36,200,SC9-TS,1e-10,72.27917979207005,17.20303579491315,11.483196165493133,-49703.17528616832
AF36,200,SC9-TS,1e-08,50.87339258827357,9.627072191117225,6.664063659266391,-15564.789145803137
AF36,200,SC9-TS,1e-06,1.1543280788726178,0.31211703024544885,0.23603410997048685,-15.361292853258142
AF36,200,SC9-TS,0.0001,0.36592557257382863,0.24038953605114477,0.17390415155896316,-8.705408169812616
AF36,200,SC16-TS,0.0,4048.955770383971,747.716000172601,410.4742119241961,-93897932.48937437
AF36,200,SC16-TS,1e-10,78.14195109194696,13.869554566239508,9.582989732728631,-32306.82436401759
AF36,200,SC16-TS,1e-08,10.539856378733447,2.16313884351099,1.4312800781350186,-784.8713897440789
AF36,200,SC16-TS,1e-06,0.13610149404994668,0.07172321881872683,0.05703743049232449,0.13602290363356184
AF36,200,SC16-TS,0.0001,0.08647675322102732,0.09291785271357506,0.0803185380554966,-0.45004345041266136
AF36,340,FCM-TS,0.0,0.25146362189799565,0.05008939779855786,0.042794804772344104,0.9567919196025031
AF36,340,FCM-TS,1e-10,0.2514617962616986,0.05008921600152197,0.042794648298317924,0.9567922332451912
AF36,340,FCM-TS,1e-08,0.25128116792252453,0.05007122867557245,0.042779166221975265,0.9568232599890337
AF36,340,FCM-TS,1e-06,0.2342614412165607,0.04837744031977958,0.041318929323212954,0.9596949816461675
AF36,340,FCM-TS,0.0001,0.029929909730330898,0.024347116767868472,0.019460872705240616,0.9897913473119494
AF36,340,SC9-TS,0.0,79.65698313562707,86.39269491968177,57.02393771448447,-128535.7736384741
AF36,340,SC9-TS,1e-10,9.356480441324111,9.572092065047904,6.083159362832984,-1576.9276473295588
AF36,340,SC9-TS,1e-08,3.435181739132961,4.316400271971749,3.1651808353769395,-319.8608827743406
AF36,340,SC9-TS,1e-06,2.5866339099133464,3.236212081759045,2.368297035690146,-179.36293812360987
AF36,340,SC9-TS,0.0001,0.08147375338919303,0.06385038047295538,0.048286431668951024,0.9297897805383306
AF36,340,SC16-TS,0.0,1780811.5493948774,1486388.2966778094,743818.0656597734,-38048532049541.5
AF36,340,SC16-TS,1e-10,185.28959802523656,141.58915160984512,71.3187912686994,-345248.7005614835
AF36,340,SC16-TS,1e-08,7.327573991821636,5.543561101186899,2.9277435122496884,-528.2380114322482
AF36,340,SC16-TS,1e-06,0.24709075473549375,0.3095629231367802,0.25275569320239344,-0.6503316532199586
AF36,340,SC16-TS,0.0001,0.22864169622877686,0.295791138755381,0.23339971351271552,-0.5067585699906347
AF38,60,FCM-TS,0.0,0.059764311094894544,0.06922345476121022,0.05631078080263331,0.9114827883845535
AF38,60,FCM-TS,1e-10,0.059764243302540924,0.06922334505379074,0.05631068355818343,0.911483068953826
AF38,60,FCM-TS,1e-08,0.059757535130995736,0.06921248919689887,0.05630106077864032,0.9115108298713938
AF38,60,FCM-TS,1e-06,0.05911669781590058,0.06817365456468556,0.055378697577452715,0.9141472252271579
AF38,60,FCM-TS,0.0001,0.04692640347800817,0.04757777100873084,0.03794309468049044,0.9581852631313426
AF38,60,SC9-TS,0.0,356.7022436663229,284.69595741684174,185.72268703560144,-1497212.6761002429
AF38,60,SC9-TS,1e-10,215.78491534469234,290.04954875925085,202.75178284112627,-1554051.094678038
AF38,60,SC9-TS,1e-08,103.41876557467869,135.419264502043,95.21261007250527,-338751.17017205444
AF38,60,SC9-TS,1e-06,2.4067471081765506,2.9204074260223285,2.1025738639452514,-156.54625094754775
AF38,60,SC9-TS,0.0001,0.34463391181152286,0.29260557282110417,0.2089860463503072,-0.5815625444566355
AF38,60,SC16-TS,0.0,2295210.317415922,2894064.900383276,1941017.569212931,-154716886422214.9
AF38,60,SC16-TS,1e-10,9.847183463689797,11.650427918942755,7.974411578293347,-2506.2921400535392
AF38,60,SC16-TS,1e-08,0.48006721869036073,0.43517625082400047,0.3511567646954862,-2.4982557553511078
AF38,60,SC16-TS,1e-06,0.40722111657261384,0.33332927742289226,0.28226498046808873,-1.052428830103302
AF38,60,SC16-TS,0.0001,0.38234697954056907,0.31276191831965533,0.2437133614776755,-0.8069615906245444
AF38,200,FCM-TS,0.0,0.1397714052986001,0.059685208406797224,0.04832518094558289,0.27529449132860495
AF38,200,FCM-TS,1e-10,0.13977128514487178,0.05968520995937728,0.04832519534082884,0.2752944536253493
AF38,200,FCM-TS,1e-08,0.13975939169943336,0.059685363672655214,0.04832661958614901,0.27529072080750094
AF38,200,FCM-TS,1e-06,0.13858663963336446,0.059703018793349126,0.0484628138725195,0.2748619147692891
AF38,200,FCM-TS,0.0001,0.08694627451110996,0.05983966790185015,0.04888415302951815,0.2715387035286859
AF38,200,SC9-TS,0.0,1479.4464299044544,28.974515018586057,18.15122758248302,-170788.23135249515
AF38,200,SC9-TS,1e-10,34.38298804085779,43.79837654603509,27.977879661724234,-390250.1209704612
AF38,200,SC9-TS,1e-08,21.73765072561513,28.464428356228336,18.17003229606377,-164827.78829668215
AF38,200,SC9-TS,1e-06,0.5662275748388771,0.7175079893534101,0.4560733408003722,-103.73253503200439
AF38,200,SC9-TS,0.0001,0.2114930387614902,0.14451073957894703,0.12684980335456336,-3.2484291551095223
AF38,200,SC16-TS,0.0,1910.0602551985774,1381.0985611028395,821.1826106990086,-388040877.195508
AF38,200,SC16-TS,1e-10,41.31036718466405,24.320191832120436,17.559232125175864,-120325.73309831021
AF38,200,SC16-TS,1e-08,6.015061584478475,3.5611639428084345,2.5957315225664055,-2578.9546262893678
AF38,200,SC16-TS,1e-06,0.11950005292638133,0.11351863166067586,0.09215062805545805,-1.6215758538013945
AF38,200,SC16-TS,0.0001,0.09997944795333412,0.10969223664313395,0.09844945058008346,-1.447822469464037
AF38,340,FCM-TS,0.0,0.11486737062501712,0.15413433815859134,0.1296062057402105,0.5799941164570438
AF38,340,FCM-TS,1e-10,0.11486678172603765,0.15413333164484969,0.12960536451732668,0.5799996018059692
AF38,340,FCM-TS,1e-08,0.11480852785396022,0.15403374678910597,0.12952213288749806,0.5805421472363214
AF38,340,FCM-TS,1e-06,0.10943254614779412,0.1446489245196504,0.12167174241894307,0.6300977370437196
AF38,340,FCM-TS,0.0001,0.07634621650158467,0.020508083251927708,0.01851439591136976,0.9925645593087467
AF38,340,SC9-TS,0.0,154.44172648209712,153.77292460507425,101.70365140683013,-418037.536674256
AF38,340,SC9-TS,1e-10,19.3096200401513,18.825464233418497,12.131506363808313,-6264.387835868624
AF38,340,SC9-TS,1e-08,4.99976648882349,5.438538303805659,3.9327257213782763,-521.9027833490948
AF38,340,SC9-TS,1e-06,3.8258205634333353,4.145347583302665,2.9889133166918973,-302.79349721204636
AF38,340,SC9-TS,0.0001,0.04714245798946915,0.048244565858804586,0.038653397206470284,0.9588515599557002
AF38,340,SC16-TS,0.0,1754423.9230911953,2244269.1584004117,1122301.390350732,-89044367381950.7
AF38,340,SC16-TS,1e-10,145.2421295170036,149.8997176771285,75.5785569171605,-397243.7809112807
AF38,340,SC16-TS,1e-08,5.663588243231736,5.825159003618854,3.102899787728484,-598.8907135514806
AF38,340,SC16-TS,1e-06,0.3586805186787347,0.4136842212474691,0.3376914783402333,-2.0254813695459006
AF38,340,SC16-TS,0.0001,0.3408459241445623,0.3978456241349823,0.3151413117960496,-1.7982450333401614
AF39,60,FCM-TS,0.0,0.39644385320604425,0.03254368394576924,0.024993015662537234,0.9724323177549444
AF39,60,FCM-TS,1e-10,0.39644090096515383,0.03254352239278534,0.024992895186432006,0.9724325914566113
AF39,60,FCM-TS,1e-08,0.3961487614260894,0.03252753662450064,0.024980973475305805,0.9724596676879236
AF39,60,FCM-TS,1e-06,0.3682128172243639,0.031008135890604915,0.023856915771026842,0.9749724611319588
AF39,60,FCM-TS,0.0001,0.13669015351143116,0.011963417449008555,0.009583487074390804,0.996274561987255
AF39,60,SC9-TS,0.0,557.4308112678539,419.6212866463988,282.7242065181766,-4583336.61741978
AF39,60,SC9-TS,1e-10,885.7306433907573,219.27079286079783,152.9552229252839,-1251491.93193602
AF39,60,SC9-TS,1e-08,399.9241094992752,109.32661600223626,76.94416610923452,-311112.34361339104
AF39,60,SC9-TS,1e-06,7.586556769246723,2.7584087450043002,2.0026943863622377,-197.05420574854705
AF39,60,SC9-TS,0.0001,0.5294859360523233,0.51739256241762,0.3675926129979719,-5.967984726034279
AF39,60,SC16-TS,0.0,4799556.131850031,2006241.0450621566,1283107.5273704214,-104769060573644.28
AF39,60,SC16-TS,1e-10,21.44280345543659,8.097408047456106,5.421754287197971,-1705.7066361163038
AF39,60,SC16-TS,1e-08,0.7867006940417973,0.6444075003126867,0.5235062314799467,-9.809061811919658
AF39,60,SC16-TS,1e-06,0.6002164816984179,0.6001270338764758,0.48636145005388215,-8.374609990117039
AF39,60,SC16-TS,0.0001,0.5905086863858602,0.5932290525354158,0.46389428822081447,-8.160341211036275
AF39,200,FCM-TS,0.0,0.23354832961249822,0.034771381865414765,0.026822881011248613,0.958235707484855
AF39,200,FCM-TS,1e-10,0.23354796427885635,0.03477139130921703,0.026822901203269155,0.9582356847987406
AF39,200,FCM-TS,1e-08,0.2335118064821722,0.034772326657541236,0.02682489985471381,0.9582334378534112
AF39,200,FCM-TS,1e-06,0.23000080547802862,0.034868908863645784,0.027027914431221337,0.9580010974085942
AF39,200,FCM-TS,0.0001,0.11979790411659128,0.04097682425727356,0.03411901267443426,0.9419986873839283
AF39,200,SC9-TS,0.0,7990.195715653243,3606.734321444158,2291.836715929392,-449354951.9468504
AF39,200,SC9-TS,1e-10,102.45184910092746,51.64371684314422,35.97847685746798,-92127.96885208414
AF39,200,SC9-TS,1e-08,76.13414384613795,38.22296608882472,26.623242970275964,-50466.29157318627
AF39,200,SC9-TS,1e-06,1.7058773011161534,0.7684780812844466,0.5388385944606342,-19.399719590273556
AF39,200,SC9-TS,0.0001,0.5728216578073024,0.4058293950276862,0.3042120036474393,-4.689161064213213
AF39,200,SC16-TS,0.0,3065.1383981649965,3118.212219709974,2197.807501168715,-335871044.4616783
AF39,200,SC16-TS,1e-10,62.57593428201002,65.09247676354282,47.04249370534336,-146359.14170231542
AF39,200,SC16-TS,1e-08,9.331187658563225,9.39465814438833,6.82323183037151,-3047.759669989043
AF39,200,SC16-TS,1e-06,0.3920980120507041,0.24741558499928812,0.18489016673460754,-1.1145372180643274
AF39,200,SC16-TS,0.0001,0.43855990103357695,0.1491626219218715,0.10678404570151535,0.2314338638600506
AF39,340,FCM-TS,0.0,0.16851679608580877,0.07509027600077878,0.06405647106853539,0.8369461871813688
AF39,340,FCM-TS,1e-10,0.1685149442233517,0.07508981553089834,0.06405608891948664,0.8369481869380213
AF39,340,FCM-TS,1e-08,0.1683317391219342,0.07504425703725465,0.0640182791991642,0.8371459805125169
AF39,340,FCM-TS,1e-06,0.15122946466564857,0.07075998074708509,0.0604606246191545,0.8552098661387721
AF39,340,FCM-TS,0.0001,0.09943708419051402,0.0237703777646595,0.01908314536857699,0.9836606142914225
AF39,340,SC9-TS,0.0,175.45436265372948,4.789559582996928,3.3486948681716138,-662.3683058774309
AF39,340,SC9-TS,1e-10,25.53257700837981,1.9138719372164068,1.4232568962211987,-104.92276437563633
AF39,340,SC9-TS,1e-08,2.040937837480739,1.4060706393819125,1.0760739179835026,-56.17126962408518
AF39,340,SC9-TS,1e-06,1.6592681418579425,0.9759561072156739,0.7557005644641667,-26.543817341463573
AF39,340,SC9-TS,0.0001,0.3728441670009487,0.14547782340795187,0.11779363347901887,0.38799193286761036
AF39,340,SC16-TS,0.0,3545255.177545968,774067.0789680898,387696.7089776416,-17326895340553.432
AF39,340,SC16-TS,1e-10,92.02140889028904,95.28989744626804,47.83581618402178,-262576.35942018556
AF39,340,SC16-TS,1e-08,3.9096599507738405,3.74583840437487,1.9452229719668155,-404.7529008443214
AF39,340,SC16-TS,1e-06,0.20979407634345945,0.13561412720540056,0.11607278595280725,0.4681692748373194
AF39,340,SC16-TS,0.0001,0.15246823444354377,0.12075890140118671,0.08774091259580334,0.5783016863749618
AF40,60,FCM-TS,0.0,0.4503475871648358,0.01142942983001088,0.009262574527747206,0.9972645330844118
AF40,60,FCM-TS,1e-10,0.4503479045319152,0.011429433535390325,0.00926257141332372,0.9972645313107548
AF40,60,FCM-TS,1e-08,0.4503793089649121,0.011429800339777965,0.009262263098788394,0.9972643557293464
AF40,60,FCM-TS,1e-06,0.45336918889167394,0.011465198830525491,0.00923392810506534,0.9972473847184178
AF40,60,FCM-TS,0.0001,0.47766908811139597,0.007834297141182533,0.006593423426554805,0.9987147653835694
AF40,60,SC9-TS,0.0,392.4955897446768,426.8296907594512,287.46732065773983,-3814972.9680106677
AF40,60,SC9-TS,1e-10,916.2728492441572,225.24780384863666,157.1401650273883,-1062436.6825251875
AF40,60,SC9-TS,1e-08,401.9602459190571,112.17842152059676,78.95754723020161,-263511.356387471
AF40,60,SC9-TS,1e-06,7.2095960911125285,2.7928329311828044,2.027261389268119,-162.3323642916161
AF40,60,SC9-TS,0.0001,0.5747457485295182,0.47852497773044617,0.3404986873872855,-3.7950325390081323
AF40,60,SC16-TS,0.0,10793053.602983339,2209737.618920161,1421897.6508306616,-102250102885606.16
AF40,60,SC16-TS,1e-10,35.96566653934135,8.724797647844166,5.898156634759168,-1593.017414477446
AF40,60,SC16-TS,1e-08,0.9042068382631068,0.6074327117705266,0.49815426644894417,-6.726426672663496
AF40,60,SC16-TS,1e-06,0.6280267619410165,0.5543528214132867,0.4536307969615863,-5.435093473507118
AF40,60,SC16-TS,0.0001,0.6225675754375212,0.5442121497598064,0.4260763216346737,-5.201814925733367
AF40,200,FCM-TS,0.0,0.08910631291662449,0.0583899825807841,0.04996899420767694,0.8299085301289166
AF40,200,FCM-TS,1e-10,0.08910616847040628,0.058389974472424395,0.049968987626392444,0.8299085773686199
AF40,200,FCM-TS,1e-08,0.08909187684041386,0.05838917194392968,0.0499683362352205,0.829913252906725
AF40,200,FCM-TS,1e-06,0.08773912057336317,0.05830920422128908,0.049903238799553745,0.830378823331314
AF40,200,FCM-TS,0.0001,0.0800185454483903,0.053075702668507065,0.04534634666494011,0.8594608418269236
AF40,200,SC9-TS,0.0,2537.3965187623303,3196.1486252161917,2031.085027157039,-509635620.19568735
AF40,200,SC9-TS,1e-10,28.447569381149737,36.37074232145736,25.852724536125137,-65993.8692647497
AF40,200,SC9-TS,1e-08,21.687632394394836,27.784504063027263,19.689214011041233,-38512.33625085817
AF40,200,SC9-TS,1e-06,0.4085104719695004,0.5380796505905215,0.3892071005833361,-13.444382443664432
AF40,200,SC9-TS,0.0001,0.3010464664953117,0.3703993132313777,0.2628296489796691,-5.844570298339067
AF40,200,SC16-TS,0.0,2815.555775208683,2442.3765868233595,1720.187038612428,-297598746.40778273
AF40,200,SC16-TS,1e-10,65.30869357736292,51.87348254151657,37.61539814430201,-134243.5469975883
AF40,200,SC16-TS,1e-08,10.22086525269865,7.545425274388743,5.468638515997185,-2839.359344321629
AF40,200,SC16-TS,1e-06,0.3837715204004101,0.18028220614629012,0.12958192609471467,-0.6214799046911432
AF40,200,SC16-TS,0.0001,0.27723163996289657,0.0941811995185845,0.06748948734669594,0.5574786000105406
AF40,340,FCM-TS,0.0,0.22481477745183778,0.03103385730859017,0.02671595363947876,0.978065468912975
AF40,340,FCM-TS,1e-10,0.22481590424465125,0.031033696817235123,0.026715818684897696,0.9780656957809069
AF40,340,FCM-TS,1e-08,0.22492738730070516,0.03101781827574184,0.026702466471576456,0.9780881356249852
AF40,340,FCM-TS,1e-06,0.23543165729067603,0.029528783747211546,0.025448435106837777,0.9801414307688007
AF40,340,FCM-TS,0.0001,0.35657160527149234,0.017269279247909962,0.01356309373008007,0.9932078813943761
AF40,340,SC9-TS,0.0,149.99843263466272,26.988500573864908,17.73614740182905,-16587.776275987104
AF40,340,SC9-TS,1e-10,21.916265349812253,2.222611817574106,1.3847572703466602,-111.50817368859012
AF40,340,SC9-TS,1e-08,2.130734324918531,2.3623594244614523,1.7531173886175935,-126.10094687106292
AF40,340,SC9-TS,1e-06,1.6178277311667781,1.7202710826774126,1.2813661912239722,-66.39855952954487
AF40,340,SC9-TS,0.0001,0.18783471331943505,0.116566058890276,0.09464593203294526,0.6905424641381765
AF40,340,SC16-TS,0.0,3474717.4978088625,974893.5430397161,488318.9264521813,-21645679543719.715
AF40,340,SC16-TS,1e-10,240.35725489759992,120.67726402416447,60.594777042756924,-331670.18878510833
AF40,340,SC16-TS,1e-08,9.530603658918809,4.7427005064378855,2.478639407565687,-511.2809872049934
AF40,340,SC16-TS,1e-06,0.19809026545177644,0.19143498428019418,0.16071538595038398,0.16535950760148566
AF40,340,SC16-TS,0.0001,0.13306617418983271,0.17475354978213736,0.13221503673081353,0.30448123867460264
