experiment,model,nrmse_pair,nrmse_force
AF10,ANFIS-TS,0.00197202408249739,0.00229230556662628
AF10,Cubic spline (clamped),0.00021756979060492138,0.0002896218984802249
AF10,FCM-TS,0.00532619934296055,0.00234222662145471
AF10,Linear (clamped),0.00020925156627896258,0.00023533644250087055
AF10,PCHIP (clamped),0.0002009855371604272,0.00025766099960210047
AF10,SC16-TS,0.00329119767437733,0.00303629725432884
AF10,SC9-TS,0.00963649871032044,0.01059599395626863
AF19,ANFIS-TS,0.00236103899449418,0.00231408623778749
AF19,Cubic spline (clamped),0.0009851336359262305,0.0013922957175602443
AF19,FCM-TS,0.00317360744845726,0.0020267198830871197
AF19,Linear (clamped),0.0007439523843986018,0.0010464640094894192
AF19,PCHIP (clamped),0.0008545118259551335,0.0012069886221382218
AF19,SC16-TS,0.00297892938122482,0.00302674261228729
AF19,SC9-TS,0.00986682840496382,0.009467422276629379
AF24,ANFIS-TS,0.0018620525515290701,0.00190006455895372
AF24,Cubic spline (clamped),0.00104859636004943,0.0014824746625742508
AF24,FCM-TS,0.00305484037214523,0.00254306532610966
AF24,Linear (clamped),0.0008040429464007302,0.0011318898100693242
AF24,PCHIP (clamped),0.0009199681296228393,0.0013000825049292127
AF24,SC16-TS,0.00307889737625371,0.0031154144720920997
AF24,SC9-TS,0.008842569817626031,0.00835929614837966
AF28,ANFIS-TS,0.0035161643680629304,0.00345892306954292
AF28,Cubic spline (clamped),0.0015840080850173042,0.002232312924907209
AF28,FCM-TS,0.0025944676511489703,0.00289538153767679
AF28,Linear (clamped),0.0012194892373396467,0.001700803449082618
AF28,PCHIP (clamped),0.001368471377256696,0.0019248319274504007
AF28,SC16-TS,0.0034478860328808598,0.00334045547931359
AF28,SC9-TS,0.01132685052609093,0.01165713842137614
AF29,ANFIS-TS,0.00326295634085502,0.00277279941290413
AF29,Cubic spline (clamped),0.00018124945592054014,0.00020568805248805162
AF29,FCM-TS,0.00571071695323792,0.00219180994673749
AF29,Linear (clamped),0.00018992119833549154,0.00017681354034940409
AF29,PCHIP (clamped),0.00017285960213329676,0.0001866999896393149
AF29,SC16-TS,0.00359487752355376,0.0031557362317612804
AF29,SC9-TS,0.009738251682247599,0.01048226229269169
AF36,ANFIS-TS,0.00259643012555444,0.0024381776132476
AF36,Cubic spline (clamped),0.0002751781923887342,0.0003684566896461043
AF36,FCM-TS,0.004199112687776381,0.00169386203973202
AF36,Linear (clamped),0.00023605381355073384,0.00028927527194673854
AF36,PCHIP (clamped),0.00024668693656998577,0.000323126456634935
AF36,SC16-TS,0.00302183357409332,0.00304840407329449
AF36,SC9-TS,0.00937295191414938,0.01089478587189985
AF38,ANFIS-TS,0.00246517316509909,0.00220893531113285
AF38,Cubic spline (clamped),0.0009776353982775148,0.0013817691319454313
AF38,FCM-TS,0.00398516555794704,0.00282028852833629
AF38,Linear (clamped),0.000741218267114606,0.0010383444290366444
AF38,PCHIP (clamped),0.0008500866938776894,0.0012001244618752756
AF38,SC16-TS,0.0030074710933145803,0.00303835625273026
AF38,SC9-TS,0.00882272717076739,0.008496144384240959
AF39,ANFIS-TS,0.00505296420436689,0.0041012843670252905
AF39,Cubic spline (clamped),0.0002686736292746232,0.00015757444420784895
AF39,FCM-TS,0.012502650430925069,0.0016944942788228799
AF39,Linear (clamped),0.0003578810894021568,0.00015716206772497377
AF39,PCHIP (clamped),0.0002774663840633885,0.0001500478295550914
AF39,SC16-TS,0.00581838641976375,0.00279390917358554
AF39,SC9-TS,0.03151975988269924,0.01048647751094026
AF40,ANFIS-TS,0.0049015763477768,0.0029116903321192303
AF40,Cubic spline (clamped),0.0003045662019348752,0.00014508110355866376
AF40,FCM-TS,0.01152507383958392,0.00128151167915733
AF40,Linear (clamped),0.000373523476733203,0.00014040532870117513
AF40,PCHIP (clamped),0.0003086379156997571,0.0001361209062764359
AF40,SC16-TS,0.00823196388968065,0.00294780546870576
AF40,SC9-TS,0.01813752231862813,0.01073218754917836
