experiment,method,seed,model,n_train,n_test,n_endpoint_heldout,nrmse_pair,nrmse_force,nmae_force,r2_force
AF10,index,0,Linear (clamped),400,171,0,0.00018164850672255955,0.00023186873037280107,0.0001819241374338496,0.9999995547994721
AF10,index,0,PCHIP (clamped),400,171,0,0.00018638565024629343,0.0002586074814172833,0.00020357651422849677,0.9999994461993361
AF10,index,0,Cubic spline (clamped),400,171,0,0.00021159399900595944,0.0002962756999908187,0.00023618519709351648,0.9999992731189139
AF10,index,1,Linear (clamped),400,171,0,0.00018993035989556422,0.00021997527728532222,0.00016612843022829768,0.9999996287945636
AF10,index,1,PCHIP (clamped),400,171,0,0.00018239821260955283,0.00023904739512343868,0.00018536990476127686,0.9999995616362721
AF10,index,1,Cubic spline (clamped),400,171,0,0.00018986072984860947,0.00026506431419163454,0.00020829410554630638,0.9999994610243997
AF10,index,2,Linear (clamped),400,171,0,0.00020184245127932216,0.00024327619997835935,0.00018356359374096707,0.9999995237286904
AF10,index,2,PCHIP (clamped),400,171,0,0.00020009294040089772,0.0002674997717020053,0.0002127814759747882,0.9999994241597668
AF10,index,2,Cubic spline (clamped),400,171,0,0.0002083291884414898,0.000291037793224124,0.0002297874595318636,0.9999993183617525
AF10,index,3,Linear (clamped),400,171,1,0.0002170187291558249,0.00024278852535077758,0.00017621209464782072,0.9999995100681209
AF10,index,3,PCHIP (clamped),400,171,1,0.00021299752714306315,0.000263924018021349,0.00020098664152057706,0.9999994210551256
AF10,index,3,Cubic spline (clamped),400,171,1,0.00022860741411127893,0.000295331149860232,0.00022317685840396207,0.9999992750669544
AF10,index,4,Linear (clamped),400,171,0,0.00020040653307669954,0.00023653922644476896,0.00018184387975007734,0.9999995215818543
AF10,index,4,PCHIP (clamped),400,171,0,0.00020165836633640635,0.00026583289434946387,0.0002093652866532779,0.9999993957471066
AF10,index,4,Cubic spline (clamped),400,171,0,0.00023327095203362966,0.000318574020392755,0.0002504990159553728,0.9999991321952725
AF10,index,5,Linear (clamped),400,171,0,0.00020218118742496596,0.0002527181689480809,0.0002012086317513341,0.999999456274514
AF10,index,5,PCHIP (clamped),400,171,0,0.0001913738310057934,0.00026040455230429805,0.0002086649584604517,0.9999994226968836
AF10,index,5,Cubic spline (clamped),400,171,0,0.0002020573679092885,0.0002825743543739149,0.0002272762523017329,0.9999993202139539
AF10,index,6,Linear (clamped),400,171,1,0.0002081614090448141,0.00023015873524391187,0.00017069683375202184,0.9999995701901933
AF10,index,6,PCHIP (clamped),400,171,1,0.00020061266939302595,0.00024746483251857483,0.00018803717395704994,0.9999995031235942
AF10,index,6,Cubic spline (clamped),400,171,1,0.00021576535029962078,0.0002740067673473448,0.00021308886866558687,0.9999993908223326
AF10,index,7,Linear (clamped),400,171,0,0.0001825053398367085,0.00021655173234709784,0.00016394288126370457,0.9999996324306034
AF10,index,7,PCHIP (clamped),400,171,0,0.00017879473337574866,0.00024439091630844875,0.00018922891091770208,0.9999995318488009
AF10,index,7,Cubic spline (clamped),400,171,0,0.00019818668415352522,0.00027726103752428793,0.00021684154737441555,0.9999993974491425
AF10,index,8,Linear (clamped),400,171,0,0.00022689134718726346,0.00021445488525655918,0.0001685910187669121,0.9999996651242896
AF10,index,8,PCHIP (clamped),400,171,0,0.00018277790390817193,0.00023973940296236082,0.00019587051676655365,0.9999995815046864
AF10,index,8,Cubic spline (clamped),400,171,0,0.00020146632211434214,0.000273571774545975,0.00022227201727676235,0.9999994550529132
AF10,index,9,Linear (clamped),400,171,2,0.00028192979916590353,0.0002650329437810263,0.00017672794338204688,0.9999994764298948
AF10,index,9,PCHIP (clamped),400,171,2,0.0002727635371853188,0.00028969873131378234,0.00020782874040935597,0.9999993744409564
AF10,index,9,Cubic spline (clamped),400,171,2,0.0002865598981314701,0.00032252207335116184,0.00023857174208339138,0.999999224656757
AF19,index,0,Linear (clamped),400,171,0,0.0006997092067611828,0.0009860527482064639,0.0007611836724006628,0.9999918275164797
AF19,index,0,PCHIP (clamped),400,171,0,0.0007943984068722335,0.001122821411730451,0.0008964242614864729,0.9999894031904396
AF19,index,0,Cubic spline (clamped),400,171,0,0.000891690836398302,0.0012607378112723493,0.0010063797988125928,0.9999866400967196
AF19,index,1,Linear (clamped),400,171,0,0.0007116765794827584,0.0010023714440625957,0.0008080354791389212,0.9999921338112248
AF19,index,1,PCHIP (clamped),400,171,0,0.0008123811944898342,0.0011481068882501127,0.0009329452787883191,0.9999896801915077
AF19,index,1,Cubic spline (clamped),400,171,0,0.0009624276582990375,0.001360777456672061,0.0010997532419255679,0.9999855028976603
AF19,index,2,Linear (clamped),400,171,0,0.000721402397181201,0.0010165442511388518,0.0008149104324658329,0.9999915502550107
AF19,index,2,PCHIP (clamped),400,171,0,0.0008320318611701421,0.0011756356481451658,0.000935586765713583,0.9999886984888475
AF19,index,2,Cubic spline (clamped),400,171,0,0.0009611043035812265,0.0013586866816069313,0.001092192666733734,0.9999849051201137
AF19,index,3,Linear (clamped),400,171,1,0.0008174768141701188,0.001150254125820551,0.0008914608794678259,0.9999887979609393
AF19,index,3,PCHIP (clamped),400,171,1,0.0009265265327198949,0.0013084184535337331,0.001018262917953771,0.9999855055144847
AF19,index,3,Cubic spline (clamped),400,171,1,0.0010993567726861198,0.0015533115124077943,0.0011819142201137368,0.9999795719644309
AF19,index,4,Linear (clamped),400,171,0,0.000742090026369542,0.0010415901373703323,0.0008486908788625576,0.9999905278327903
AF19,index,4,PCHIP (clamped),400,171,0,0.0008821320872305248,0.0012465475015841073,0.0010217595210517073,0.9999864333286893
AF19,index,4,Cubic spline (clamped),400,171,0,0.0010233492476049073,0.0014469450219494204,0.0011822450509244263,0.9999817206942163
AF19,index,5,Linear (clamped),400,171,0,0.0007909740944898991,0.0011127722988784044,0.0008745035386163797,0.9999892620538792
AF19,index,5,PCHIP (clamped),400,171,0,0.0008998742890303785,0.0012712312866188082,0.001017524484356224,0.9999859861406472
AF19,index,5,Cubic spline (clamped),400,171,0,0.001025353798941267,0.001449461386559788,0.0011700781850573394,0.9999817811101835
AF19,index,6,Linear (clamped),400,171,1,0.0007672628914566217,0.0010782513895134928,0.0008474759177386262,0.9999904043923813
AF19,index,6,PCHIP (clamped),400,171,1,0.0008779610303932459,0.0012390297459803558,0.0009914508445142025,0.9999873294375649
AF19,index,6,Cubic spline (clamped),400,171,1,0.001025459368058397,0.0014485272490520455,0.0011457399552694484,0.9999826824772686
AF19,index,7,Linear (clamped),400,171,0,0.0007025193705338297,0.000989173591379178,0.0007912360621770759,0.9999921884396801
AF19,index,7,PCHIP (clamped),400,171,0,0.0008037049206279472,0.0011358739245764776,0.0009242285777545538,0.999989699625286
AF19,index,7,Cubic spline (clamped),400,171,0,0.0009457075690544148,0.0013371743351926009,0.0010988092265311069,0.9999857252395412
AF19,index,8,Linear (clamped),400,171,0,0.0007177483785282449,0.0010096835351483093,0.0007800492602513371,0.9999924848417878
AF19,index,8,PCHIP (clamped),400,171,0,0.000839389651912359,0.0011863633294354613,0.000925009014304866,0.9999896246439882
AF19,index,8,Cubic spline (clamped),400,171,0,0.0009587830476482969,0.0013556139144813085,0.0010777185937133251,0.9999864531096613
AF19,index,9,Linear (clamped),400,171,2,0.0007686640850126196,0.001077946573376013,0.000892117842848531,0.9999911811116885
AF19,index,9,PCHIP (clamped),400,171,2,0.000876718285104775,0.001235858031527546,0.0010287182993755307,0.9999884080489536
AF19,index,9,Cubic spline (clamped),400,171,2,0.0009581037569903361,0.0013517218064081449,0.001128593120839484,0.9999861326329818
AF24,index,0,Linear (clamped),400,171,0,0.000767395614421661,0.0010816002642993015,0.000836689577717427,0.9999901970937949
AF24,index,0,PCHIP (clamped),400,171,0,0.0008530148956494379,0.001205452966075145,0.0009540635882189341,0.9999878235183769
AF24,index,0,Cubic spline (clamped),400,171,0,0.0009560161520910375,0.001351482249739547,0.0010893290392833606,0.999984694695652
AF24,index,1,Linear (clamped),400,171,0,0.0007908319961004484,0.0011150032329473388,0.000866726320789478,0.9999899635202134
AF24,index,1,PCHIP (clamped),400,171,0,0.0008965018422874646,0.0012672423102973126,0.0009851381892182064,0.9999870357173756
AF24,index,1,Cubic spline (clamped),400,171,0,0.0009982989488175839,0.001411567121601643,0.0011004130777659644,0.9999839145865083
AF24,index,2,Linear (clamped),400,171,0,0.0008276045759744178,0.001163331033066193,0.0009265129723700174,0.9999888602299758
AF24,index,2,PCHIP (clamped),400,171,0,0.000972310245150394,0.0013737522704834134,0.0011059748247036893,0.9999844658875542
AF24,index,2,Cubic spline (clamped),400,171,0,0.0011109660661681752,0.0015703990997482109,0.0012735525031917572,0.9999797002974933
AF24,index,3,Linear (clamped),400,171,1,0.0008002422655723022,0.0011265385646855675,0.0008429980715135471,0.9999890472147396
AF24,index,3,PCHIP (clamped),400,171,1,0.0009643642905697018,0.0013629011159596242,0.0010442598752539848,0.9999839689805758
AF24,index,3,Cubic spline (clamped),400,171,1,0.0011294635719739123,0.0015969113667456904,0.0012279523964742855,0.9999779913162248
AF24,index,4,Linear (clamped),400,171,0,0.0008075538731636917,0.0011353896195403167,0.0009197533830021355,0.9999883461458473
AF24,index,4,PCHIP (clamped),400,171,0,0.0009179516018703399,0.0012966449321488935,0.001073908696356611,0.9999848007599557
AF24,index,4,Cubic spline (clamped),400,171,0,0.0010561904564405586,0.0014929508572651357,0.0012331376876457132,0.9999798501988325
AF24,index,5,Linear (clamped),400,171,0,0.0007971982590603013,0.0011235677879883855,0.0008596095881689067,0.9999887871146892
AF24,index,5,PCHIP (clamped),400,171,0,0.0009154770414987149,0.0012941451871390246,0.0010040255557162605,0.9999851240461052
AF24,index,5,Cubic spline (clamped),400,171,0,0.0010898190560542178,0.0015409557869037354,0.00121000368616581,0.9999789089026233
AF24,index,6,Linear (clamped),400,171,1,0.0008674237070286877,0.0012230273717958359,0.0009558111631059449,0.9999874897283
AF24,index,6,PCHIP (clamped),400,171,1,0.0009701294510602434,0.0013714088903374324,0.0010782760813473292,0.9999842700149718
AF24,index,6,Cubic spline (clamped),400,171,1,0.0010672997841157132,0.0015091223209010825,0.0011932625726838576,0.9999809522679302
AF24,index,7,Linear (clamped),400,171,0,0.0007799768188629456,0.0010985328270047502,0.0008547701104347898,0.9999900680629735
AF24,index,7,PCHIP (clamped),400,171,0,0.0008614667800581863,0.0012174961843926478,0.0009604642934977606,0.9999878004700854
AF24,index,7,Cubic spline (clamped),400,171,0,0.0009625015996765935,0.0013607974276051745,0.0010711731267710296,0.9999847596536117
AF24,index,8,Linear (clamped),400,171,0,0.0007814973819747664,0.0010968404968156684,0.000843303127671637,0.9999910622677197
AF24,index,8,PCHIP (clamped),400,171,0,0.0008888199177048279,0.0012558171401564726,0.0010000295507567336,0.9999882836266948
AF24,index,8,Cubic spline (clamped),400,171,0,0.0010387063108731683,0.0014683462112309545,0.0011891822524142867,0.9999839824045005
AF24,index,9,Linear (clamped),400,171,2,0.0008207049718480789,0.0011550669025498857,0.0008709647525617556,0.999989596732735
AF24,index,9,PCHIP (clamped),400,171,2,0.0009596452303790833,0.0013559640523021616,0.001037226496393077,0.9999856632131379
AF24,index,9,Cubic spline (clamped),400,171,2,0.00107670165428334,0.0015222141840013344,0.0011849395464618609,0.9999819321279978
AF28,index,0,Linear (clamped),400,171,0,0.0011966957297055022,0.001683735955282718,0.0013706075104266402,0.999975845869433
AF28,index,0,PCHIP (clamped),400,171,0,0.0013723633477026264,0.0019394039614012595,0.0015653270684097647,0.9999679535450378
AF28,index,0,Cubic spline (clamped),400,171,0,0.001702072873564593,0.0024066790831620477,0.0018416107640786734,0.9999506508355044
AF28,index,1,Linear (clamped),400,171,0,0.0011682148674966749,0.0016414900611791015,0.0012669636856755136,0.9999792252975198
AF28,index,1,PCHIP (clamped),400,171,0,0.0013027084810460108,0.0018408194092780434,0.0014043013585040302,0.9999738735340826
AF28,index,1,Cubic spline (clamped),400,171,0,0.0014909169169725301,0.0021081811547263626,0.0015621420214719287,0.999965733152531
AF28,index,2,Linear (clamped),400,171,0,0.0012052264409730031,0.0016963478333142299,0.0013756465002273933,0.9999761839164596
AF28,index,2,PCHIP (clamped),400,171,0,0.001353520655064117,0.0019131033387594788,0.00154258350803957,0.9999697087365971
AF28,index,2,Cubic spline (clamped),400,171,0,0.0015020425384267495,0.0021238742403895494,0.0016858876455428965,0.9999626665501534
AF28,index,3,Linear (clamped),400,171,1,0.0012675004947110017,0.0017563825733083523,0.0013843369521469244,0.9999747747557058
AF28,index,3,PCHIP (clamped),400,171,1,0.0014181992067056693,0.0019827067142786617,0.0015932847832143377,0.9999678549506664
AF28,index,3,Cubic spline (clamped),400,171,1,0.0016951579081199394,0.002379303000104566,0.0018250388713363258,0.9999537089910764
AF28,index,4,Linear (clamped),400,171,0,0.0012470005540664263,0.0017344646882297026,0.0013412641938087893,0.9999754045545258
AF28,index,4,PCHIP (clamped),400,171,0,0.001468995765686992,0.002073717670199151,0.001609383907023789,0.9999648420920659
AF28,index,4,Cubic spline (clamped),400,171,0,0.0017577017684704873,0.002485155604687303,0.0018734343715319508,0.9999495070271399
AF28,index,5,Linear (clamped),400,171,0,0.0012041307075546725,0.0016945208125787126,0.001348449206116558,0.9999761331967244
AF28,index,5,PCHIP (clamped),400,171,0,0.001286405507889216,0.0018182958976584772,0.0014407021236057596,0.9999725191882858
AF28,index,5,Cubic spline (clamped),400,171,0,0.001354584450801139,0.0019153432269597085,0.0015157708403796637,0.9999695074559911
AF28,index,6,Linear (clamped),400,171,1,0.0011877985767636818,0.001639910168422849,0.0012979773155292532,0.9999779684929067
AF28,index,6,PCHIP (clamped),400,171,1,0.0013197479226135628,0.001841788187686625,0.0014913977307875032,0.9999722103257703
AF28,index,6,Cubic spline (clamped),400,171,1,0.0015332258136921146,0.0021485464247446386,0.001727945855915217,0.9999621824340096
AF28,index,7,Linear (clamped),400,171,0,0.0012845490261862002,0.0018060290905141181,0.0014186512275705058,0.999974484067019
AF28,index,7,PCHIP (clamped),400,171,0,0.001451434771638978,0.0020515097894981036,0.0015848288688758761,0.9999670762604573
AF28,index,7,Cubic spline (clamped),400,171,0,0.0016546450433944405,0.0023397773967054115,0.0017856073381537724,0.9999571736509509
AF28,index,8,Linear (clamped),400,171,0,0.0011771874919661012,0.001641696613125838,0.0012397762915975438,0.9999790697261525
AF28,index,8,PCHIP (clamped),400,171,0,0.0013228569730962818,0.001867316415768887,0.0014337609890880565,0.9999729214792183
AF28,index,8,Cubic spline (clamped),400,171,0,0.0015916935108588935,0.002250070348503073,0.0017491006790840834,0.999960682916101
AF28,index,9,Linear (clamped),400,171,2,0.0012565884839732028,0.0017134566948705594,0.001326872846045577,0.9999775832565876
AF28,index,9,PCHIP (clamped),400,171,2,0.001388481141123506,0.0019196578899753193,0.001508599182235193,0.9999718632500039
AF28,index,9,Cubic spline (clamped),400,171,2,0.001558040025872157,0.00216619876908943,0.0017286204109078628,0.9999641719753161
AF29,index,0,Linear (clamped),400,171,0,0.00011447872660641793,0.00014073692261922026,0.000108062692352434,0.9999998350048835
AF29,index,0,PCHIP (clamped),400,171,0,0.00011291830747648297,0.0001523003877274568,0.00012054801634606502,0.9999998067778069
AF29,index,0,Cubic spline (clamped),400,171,0,0.0001236068470533748,0.0001690030414697387,0.00013438154417573316,0.9999997620728348
AF29,index,1,Linear (clamped),400,171,0,0.00012150297094396277,0.0001369006996774924,0.0001076804625942713,0.9999998580781898
AF29,index,1,PCHIP (clamped),400,171,0,0.00010916062463702955,0.000143091969211299,0.00011298355030260618,0.9999998449512293
AF29,index,1,Cubic spline (clamped),400,171,0,0.00011448118239605403,0.00015675500068954636,0.0001251031148223913,0.9999998139281759
AF29,index,2,Linear (clamped),400,171,0,0.00014972779372656827,0.00013053149685187128,0.00010466176294913672,0.9999998621484932
AF29,index,2,PCHIP (clamped),400,171,0,0.00010452319902815008,0.00014035246949914423,0.0001149306296267483,0.9999998406247064
AF29,index,2,Cubic spline (clamped),400,171,0,0.0001192872467862424,0.00016440410249110452,0.00013429175419553687,0.9999997813214517
AF29,index,3,Linear (clamped),400,171,1,0.000277641328013772,0.00024566986491535674,0.00011518198660805675,0.9999995148638802
AF29,index,3,PCHIP (clamped),400,171,1,0.00027192418552860425,0.0002519049547016414,0.00012606844385342552,0.9999994899259191
AF29,index,3,Cubic spline (clamped),400,171,1,0.00027872061877311504,0.00026752835504430196,0.00014714781620310362,0.9999994246932432
AF29,index,4,Linear (clamped),400,171,0,0.00014352261851013199,0.00013913807686318988,0.00010912033830160507,0.9999998440634896
AF29,index,4,PCHIP (clamped),400,171,0,0.00011372825008468597,0.00015178882526045693,0.0001186976781029523,0.9999998144181849
AF29,index,4,Cubic spline (clamped),400,171,0,0.00012800549506959528,0.000177324168077025,0.0001339767414947915,0.9999997467253753
AF29,index,5,Linear (clamped),400,171,0,0.00013113833651466825,0.00012862090936051153,9.833795757137719e-05,0.9999998646472119
AF29,index,5,PCHIP (clamped),400,171,0,0.0001051749161165416,0.00013822391294859276,0.00010798897383431466,0.999999843681485
AF29,index,5,Cubic spline (clamped),400,171,0,0.00011606556774096071,0.00015895276621871268,0.0001263214188214746,0.9999997932810764
AF29,index,6,Linear (clamped),400,171,1,0.00027751992272037466,0.00024451746133462396,0.00011885601542678805,0.9999995202959595
AF29,index,6,PCHIP (clamped),400,171,1,0.0002759802747226685,0.0002532117420802621,0.00013049261745897987,0.9999994855759046
AF29,index,6,Cubic spline (clamped),400,171,1,0.0002777597583793761,0.000265575541075652,0.00014550306697985957,0.9999994341129309
AF29,index,7,Linear (clamped),400,171,0,0.00012401458427047432,0.00013306055085487783,9.858655395193176e-05,0.9999998642078276
AF29,index,7,PCHIP (clamped),400,171,0,0.00011324096880650839,0.00015217560096333498,0.00011491904100809015,0.9999998223905158
AF29,index,7,Cubic spline (clamped),400,171,0,0.00013002551242857738,0.0001799826593496683,0.00013225432732977044,0.9999997515508983
AF29,index,8,Linear (clamped),400,171,0,0.00015689851970199375,0.00013466263644337407,0.0001032072127767313,0.9999998628728576
AF29,index,8,PCHIP (clamped),400,171,0,0.0001259392333725713,0.00014699914598235073,0.0001169770917299228,0.9999998365974524
AF29,index,8,Cubic spline (clamped),400,171,0,0.00012484466422870444,0.00017075979165940089,0.00013793050840066478,0.9999997795041436
AF29,index,9,Linear (clamped),400,171,2,0.0004027671823465516,0.0003342967845735228,0.00014318638597477865,0.9999991650894353
AF29,index,9,PCHIP (clamped),400,171,2,0.0003960060615597248,0.0003369508880186102,0.00015022450455267104,0.9999991517794923
AF29,index,9,Cubic spline (clamped),400,171,2,0.00039969766634940124,0.00034659509880536607,0.0001625842901258891,0.9999991025290664
AF36,index,0,Linear (clamped),400,171,0,0.00020362925902743306,0.00027218900353868355,0.00020943136503199494,0.9999993851108643
AF36,index,0,PCHIP (clamped),400,171,0,0.00022266632396949598,0.0003098880964866792,0.0002458095249511534,0.9999992029869049
AF36,index,0,Cubic spline (clamped),400,171,0,0.0002477821728990343,0.0003487169865090666,0.00027844726686581035,0.9999989907427581
AF36,index,1,Linear (clamped),400,171,0,0.00022464371157915805,0.00029384557435150623,0.00022589081409176107,0.9999993409681277
AF36,index,1,PCHIP (clamped),400,171,0,0.00022871384760568138,0.0003192899871281779,0.0002538080359215148,0.9999992218940988
AF36,index,1,Cubic spline (clamped),400,171,0,0.0002584547812380746,0.00036366651881718925,0.0002851280556589769,0.9999989905733907
AF36,index,2,Linear (clamped),400,171,0,0.00021232003305415024,0.0002712284287813487,0.00021191594852577043,0.9999994078172615
AF36,index,2,PCHIP (clamped),400,171,0,0.0002240017652292908,0.0003101944300735358,0.00025016035871454676,0.9999992254431158
AF36,index,2,Cubic spline (clamped),400,171,0,0.00025526323399818637,0.00035751857395876043,0.00029025611840311416,0.999998971077779
AF36,index,3,Linear (clamped),400,171,1,0.0002661251383496174,0.0002997574172815493,0.000232135984761856,0.999999256755743
AF36,index,3,PCHIP (clamped),400,171,1,0.0002752397397338017,0.00033209686058124563,0.0002667970032087191,0.9999990877345528
AF36,index,3,Cubic spline (clamped),400,171,1,0.0003085841512206674,0.00038892412352469787,0.000311644151800935,0.9999987488152307
AF36,index,4,Linear (clamped),400,171,0,0.0002161291870366482,0.00027111966729196203,0.00021390084826724355,0.9999993775671655
AF36,index,4,PCHIP (clamped),400,171,0,0.00022079946316594875,0.0003049395562516069,0.00024543400973174725,0.9999992125953474
AF36,index,4,Cubic spline (clamped),400,171,0,0.00024717009369635765,0.0003455890660341431,0.0002796110491023262,0.9999989886757158
AF36,index,5,Linear (clamped),400,171,0,0.00021728611552665833,0.00028301803945487557,0.00022223532883250578,0.9999993220023642
AF36,index,5,PCHIP (clamped),400,171,0,0.00023153067769986153,0.00032330300329271304,0.0002560080661033154,0.9999991152523433
AF36,index,5,Cubic spline (clamped),400,171,0,0.0002634880327994443,0.0003706020240126372,0.00028903489656208854,0.9999988374396235
AF36,index,6,Linear (clamped),400,171,1,0.00027627207859250906,0.00032454597724655677,0.00025152892563518037,0.9999991472711159
AF36,index,6,PCHIP (clamped),400,171,1,0.0002946705453496458,0.0003660093862332297,0.00029638893041921365,0.9999989154665312
AF36,index,6,Cubic spline (clamped),400,171,1,0.0003221816745865637,0.0004111184827714808,0.00033278730415289354,0.9999986316647442
AF36,index,7,Linear (clamped),400,171,0,0.00021755036488846274,0.0002825896877370883,0.00021544652437633724,0.9999993779654596
AF36,index,7,PCHIP (clamped),400,171,0,0.00022607037766377282,0.00031471178034553674,0.0002468335244899142,0.9999992285142982
AF36,index,7,Cubic spline (clamped),400,171,0,0.0002525993628304678,0.00035495827396618475,0.0002788940782114061,0.9999990185764167
AF36,index,8,Linear (clamped),400,171,0,0.00022223417333525874,0.00028955674788951345,0.00021819826688968045,0.9999993885232467
AF36,index,8,PCHIP (clamped),400,171,0,0.00022539657068485627,0.0003111522099987253,0.0002414032338200788,0.999999293912781
AF36,index,8,Cubic spline (clamped),400,171,0,0.0002451654721835914,0.0003427154101675526,0.00026999865297871377,0.9999991433965165
AF36,index,9,Linear (clamped),400,171,2,0.0003043480741174427,0.00030490217589430164,0.00022060539594303367,0.9999993096960698
AF36,index,9,PCHIP (clamped),400,171,2,0.00031778005459750245,0.0003396792559578998,0.0002606237493898983,0.9999991432436148
AF36,index,9,Cubic spline (clamped),400,171,2,0.00035109294843495406,0.00040075743669933046,0.0003149612568506914,0.9999988074338476
AF38,index,0,Linear (clamped),400,171,0,0.0007232656833367905,0.001018760755824647,0.0007966743262238781,0.9999912665427887
AF38,index,0,PCHIP (clamped),400,171,0,0.0008193220634378498,0.00115769794273893,0.0009347656270913572,0.9999887219943975
AF38,index,0,Cubic spline (clamped),400,171,0,0.0009751934867278284,0.0013786551122407723,0.0011278853023407142,0.999984006148694
AF38,index,1,Linear (clamped),400,171,0,0.0007780236086772569,0.0010923779334398376,0.0008493132822932791,0.999990304270428
AF38,index,1,PCHIP (clamped),400,171,0,0.0008839153771258294,0.0012486465939507783,0.0009958656135665611,0.9999873318344444
AF38,index,1,Cubic spline (clamped),400,171,0,0.001006548401563186,0.001422930271452155,0.0011457384907339985,0.999983548636666
AF38,index,2,Linear (clamped),400,171,0,0.0007092478254073515,0.0009866060859105175,0.0007733638679978277,0.9999919461207335
AF38,index,2,PCHIP (clamped),400,171,0,0.0008401195326646778,0.001183585562796348,0.0009198571169681056,0.9999884091081702
AF38,index,2,Cubic spline (clamped),400,171,0,0.0009721498840453515,0.0013732017996150611,0.0010753291532762663,0.9999843977848444
AF38,index,3,Linear (clamped),400,171,1,0.0007069066591767866,0.0009864428416345933,0.0007592077257520545,0.999991561691288
AF38,index,3,PCHIP (clamped),400,171,1,0.0007939521340425102,0.0011201736805338046,0.0008886809010279697,0.9999891186623368
AF38,index,3,Cubic spline (clamped),400,171,1,0.0009063018186984646,0.001280762845470446,0.001041405819782776,0.999985775107294
AF38,index,4,Linear (clamped),400,171,0,0.0007977962067731721,0.0011146745955435977,0.0008724023309063722,0.9999886983245438
AF38,index,4,PCHIP (clamped),400,171,0,0.0009457483134685254,0.0013354694043030998,0.0010679893454667683,0.999983777622225
AF38,index,4,Cubic spline (clamped),400,171,0,0.00109127966007615,0.0015426275392355034,0.0012347263426923684,0.9999783544420181
AF38,index,5,Linear (clamped),400,171,0,0.0007264745410635544,0.0010190566256984958,0.0007842423643624595,0.9999907217130517
AF38,index,5,PCHIP (clamped),400,171,0,0.0008462561248263771,0.0011953614101462785,0.0009545555262758409,0.9999872335652904
AF38,index,5,Cubic spline (clamped),400,171,0,0.001033252528244303,0.0014608373467974393,0.0011755437903587355,0.9999809333281499
AF38,index,6,Linear (clamped),400,171,1,0.0007487777056269867,0.001052502492670414,0.0008338118107813222,0.9999906880374523
AF38,index,6,PCHIP (clamped),400,171,1,0.0008590163861482173,0.0012136975935981827,0.0009696746392709749,0.9999876172833215
AF38,index,6,Cubic spline (clamped),400,171,1,0.0009778600013226361,0.0013824063145355956,0.0010976183955151958,0.9999839355310938
AF38,index,7,Linear (clamped),400,171,0,0.0007338776230402835,0.0010309996322629897,0.000821232642311931,0.9999911896365647
AF38,index,7,PCHIP (clamped),400,171,0,0.0008282209779295037,0.00117025333695878,0.0009490401837744731,0.9999886489358147
AF38,index,7,Cubic spline (clamped),400,171,0,0.0009513058805728605,0.001344927421340852,0.0010730215755821717,0.9999850074847308
AF38,index,8,Linear (clamped),400,171,0,0.0007247733091122712,0.001016235499733169,0.0007938199892958016,0.9999922816751429
AF38,index,8,PCHIP (clamped),400,171,0,0.0008290520358727586,0.0011701374278251687,0.0009247110078810725,0.9999897668798905
AF38,index,8,Cubic spline (clamped),400,171,0,0.0009456358565722735,0.001336038489283045,0.0010626661727942653,0.9999866594950191
AF38,index,9,Linear (clamped),400,171,2,0.0007630395089316071,0.001065787827648183,0.0008523962252464429,0.9999910949427746
AF38,index,9,PCHIP (clamped),400,171,2,0.0008552639932606441,0.0012062216659013848,0.0009735415892592913,0.9999885935775338
AF38,index,9,Cubic spline (clamped),400,171,2,0.0009168264649520963,0.0012953041794834443,0.0010579180570662015,0.9999868465785193
AF39,index,0,Linear (clamped),400,171,0,0.0001258559871628824,7.346183784134331e-05,5.723570714147061e-05,0.9999999550121815
AF39,index,0,PCHIP (clamped),400,171,0,6.0733913678133365e-05,7.231803878856311e-05,5.945273271863668e-05,0.999999956402194
AF39,index,0,Cubic spline (clamped),400,171,0,6.353843970323675e-05,8.475294459450226e-05,6.971688363794367e-05,0.9999999401201164
AF39,index,1,Linear (clamped),400,171,0,0.00016542727845985403,7.858120007765277e-05,6.311080980331323e-05,0.9999999526036822
AF39,index,1,PCHIP (clamped),400,171,0,6.84100524949037e-05,7.059917242762613e-05,5.619941741572655e-05,0.9999999617433878
AF39,index,1,Cubic spline (clamped),400,171,0,6.029962643428126e-05,7.650584814810417e-05,5.94642261480688e-05,0.9999999550741238
AF39,index,2,Linear (clamped),400,171,0,0.00021123707259831776,8.107171346597056e-05,6.540929622417759e-05,0.999999946290977
AF39,index,2,PCHIP (clamped),400,171,0,7.677615753975506e-05,7.174930507028625e-05,5.7795200954798576e-05,0.9999999579327671
AF39,index,2,Cubic spline (clamped),400,171,0,6.829642630088345e-05,8.522131258651936e-05,6.841965231951691e-05,0.9999999406521506
AF39,index,3,Linear (clamped),400,171,1,0.0006763740856183131,0.0002857223012477718,7.783578441114218e-05,0.9999993587116249
AF39,index,3,PCHIP (clamped),400,171,1,0.0006555969206896547,0.0002864175131578516,8.204462071847003e-05,0.9999993555870966
AF39,index,3,Cubic spline (clamped),400,171,1,0.0006559447468891244,0.00029261334325647283,9.595507125423019e-05,0.9999993274054544
AF39,index,4,Linear (clamped),400,171,0,0.0002047745540483052,9.96791380449662e-05,7.425174851388844e-05,0.9999999235739746
AF39,index,4,PCHIP (clamped),400,171,0,8.315603279909562e-05,8.040550937062298e-05,6.501064949598814e-05,0.9999999502716166
AF39,index,4,Cubic spline (clamped),400,171,0,6.919027162353093e-05,8.648129722237279e-05,6.987751757992083e-05,0.999999942472286
AF39,index,5,Linear (clamped),400,171,0,0.00017350993933636135,8.707101122442863e-05,6.703095271032899e-05,0.9999999401398028
AF39,index,5,PCHIP (clamped),400,171,0,8.521761075916902e-05,8.079543716176103e-05,6.292346499170991e-05,0.9999999484576
AF39,index,5,Cubic spline (clamped),400,171,0,6.875832882388943e-05,9.090010562476779e-05,7.076616946036643e-05,0.9999999347591302
AF39,index,6,Linear (clamped),400,171,1,0.0006821670059383119,0.00028846496268276054,8.404531867648768e-05,0.9999993355743522
AF39,index,6,PCHIP (clamped),400,171,1,0.0006559760317629321,0.00028418404104000114,7.495932469839953e-05,0.9999993551486429
AF39,index,6,Cubic spline (clamped),400,171,1,0.0006547846618468987,0.0002864398098021739,8.101828712777628e-05,0.9999993448707345
AF39,index,7,Linear (clamped),400,171,0,0.00016414592713703783,8.399119335106711e-05,6.708668561224969e-05,0.9999999457813694
AF39,index,7,PCHIP (clamped),400,171,0,7.338635701040642e-05,7.5883509205921e-05,5.970850545065864e-05,0.9999999557436234
AF39,index,7,Cubic spline (clamped),400,171,0,6.576549482272083e-05,8.537152738652472e-05,6.784799362513778e-05,0.9999999439846384
AF39,index,8,Linear (clamped),400,171,0,0.0002449469738997974,8.419840790146217e-05,6.297339229850761e-05,0.9999999429985886
AF39,index,8,PCHIP (clamped),400,171,0,0.00010098652713044316,7.173513956951006e-05,5.648357741460153e-05,0.9999999586246439
AF39,index,8,Cubic spline (clamped),400,171,0,6.637288457671401e-05,7.983971909934134e-05,6.282596679170427e-05,0.999999948747406
AF39,index,9,Linear (clamped),400,171,2,0.0009303720698223868,0.00040937891141231477,0.00010862017761223423,0.9999987027607309
AF39,index,9,PCHIP (clamped),400,171,2,0.0009144242367693916,0.00040639062975877054,0.00010060000913601911,0.9999987216301343
AF39,index,9,Cubic spline (clamped),400,171,2,0.0009137854117249524,0.0004076185343577103,0.00010523328597040675,0.999998713893304
AF40,index,0,Linear (clamped),400,171,0,0.0001838913935873764,8.036254271843133e-05,6.294711198171797e-05,0.9999999463158948
AF40,index,0,PCHIP (clamped),400,171,0,7.025933850666075e-05,7.650835815864871e-05,6.123475702168655e-05,0.9999999513417883
AF40,index,0,Cubic spline (clamped),400,171,0,6.240143177296669e-05,8.453858992140798e-05,6.70763702655119e-05,0.9999999405915285
AF40,index,1,Linear (clamped),400,171,0,0.0001581143212742799,8.617815226358816e-05,6.768930718006107e-05,0.9999999438878114
AF40,index,1,PCHIP (clamped),400,171,0,7.090827731044501e-05,8.169820323485455e-05,6.48219382467527e-05,0.9999999495701284
AF40,index,1,Cubic spline (clamped),400,171,0,6.764044678626185e-05,9.021650669452952e-05,7.107131814055673e-05,0.9999999385056997
AF40,index,2,Linear (clamped),400,171,0,0.00017642311517558618,9.316320091151376e-05,7.250087438472358e-05,0.9999999298092559
AF40,index,2,PCHIP (clamped),400,171,0,7.4757616111892e-05,8.108736856382752e-05,6.364403012399354e-05,0.9999999468262295
AF40,index,2,Cubic spline (clamped),400,171,0,6.46922819268332e-05,8.797949349181316e-05,6.937012227387864e-05,0.9999999374029369
AF40,index,3,Linear (clamped),400,171,1,0.0007632922324062095,0.0002333159933104418,7.782326741306438e-05,0.999999567758464
AF40,index,3,PCHIP (clamped),400,171,1,0.0007481028732940021,0.0002331809439137763,7.801801322060812e-05,0.9999995682587046
AF40,index,3,Cubic spline (clamped),400,171,1,0.0007479114211596329,0.00023712241036550995,8.683936819071322e-05,0.9999995535398712
AF40,index,4,Linear (clamped),400,171,0,0.0001488465184459766,9.198634335626322e-05,7.035945110029261e-05,0.9999999333163191
AF40,index,4,PCHIP (clamped),400,171,0,7.287162981107103e-05,7.922422460666703e-05,6.0504832079499495e-05,0.9999999505360437
AF40,index,4,Cubic spline (clamped),400,171,0,7.045618768859049e-05,9.540245544036197e-05,7.146715129981664e-05,0.9999999282714652
AF40,index,5,Linear (clamped),400,171,0,0.0001469108659670876,8.22277140018159e-05,6.302696569659173e-05,0.9999999456742794
AF40,index,5,PCHIP (clamped),400,171,0,7.805310541959671e-05,9.549834304997684e-05,7.265018189406206e-05,0.9999999267241719
AF40,index,5,Cubic spline (clamped),400,171,0,8.695532380098862e-05,0.00011902798633197853,8.688768575918888e-05,0.9999998861672481
AF40,index,6,Linear (clamped),400,171,1,0.0007588803686413839,0.00023329336492486943,7.567015651217669e-05,0.9999995659035383
AF40,index,6,PCHIP (clamped),400,171,1,0.0007482378749875923,0.00023312759962087164,7.77495203991554e-05,0.9999995665202088
AF40,index,6,Cubic spline (clamped),400,171,1,0.0007479704610001798,0.00023731763717280114,8.649336484687611e-05,0.9999995507981846
AF40,index,7,Linear (clamped),400,171,0,0.0001542833738300907,8.311879233617208e-05,6.177489411730874e-05,0.9999999472941412
AF40,index,7,PCHIP (clamped),400,171,0,6.783576735454352e-05,7.567217477310239e-05,5.865448141838913e-05,0.9999999563149461
AF40,index,7,Cubic spline (clamped),400,171,0,6.187513875382982e-05,8.117040552311532e-05,6.33976094370689e-05,0.9999999497361354
AF40,index,8,Linear (clamped),400,171,0,0.00016382531165808222,9.207365961980975e-05,6.962005189119204e-05,0.9999999348324806
AF40,index,8,PCHIP (clamped),400,171,0,8.69795097250319e-05,7.883604580652202e-05,6.038389333927511e-05,0.9999999522239715
AF40,index,8,Cubic spline (clamped),400,171,0,6.759801064732568e-05,8.857645043712342e-05,6.857887800211385e-05,0.9999999396889452
AF40,index,9,Linear (clamped),400,171,2,0.0010807672663459573,0.0003283335235688459,0.0001017201793316872,0.9999991893170154
AF40,index,9,PCHIP (clamped),400,171,2,0.0010683731644767352,0.00032637580103611196,9.722102613389707e-05,0.9999991989557554
AF40,index,9,Cubic spline (clamped),400,171,2,0.0010681613158121431,0.00032945910020799657,0.00010374843654665547,0.9999991837492019
