condition,model,optimizer_iters,in_sample_force_nrmse
AF10,FCM-TS,0,0.002723401392326034
AF10,SC9-TS,0,0.00927020424483556
AF10,SC16-TS,0,0.0028148007259796277
AF10,ANFIS-TS,46,0.0019501219466275233
AF10,Unfitted early-cycle template,0,0.0
AF19,FCM-TS,0,0.0016817785028891898
AF19,SC9-TS,0,0.008967922762871455
AF19,SC16-TS,0,0.0028638191708817893
AF19,ANFIS-TS,46,0.001938612735611046
AF19,Unfitted early-cycle template,0,0.0
AF36,FCM-TS,0,0.0019516762091095438
AF36,SC9-TS,0,0.009777963628157726
AF36,SC16-TS,0,0.00269302385921463
AF36,ANFIS-TS,46,0.001077205459591808
AF36,Unfitted early-cycle template,0,0.0
