condition,test_cycle,fraction_of_final,train_cycle,model,n_test,n_training,force_nrmse,joint_nrmse,signed_area_observed,signed_area_predicted,loop_area_error_pct,inference_phase,mean_force_shift
AF10,304500,0.2,900,FCM-TS,571,571,0.1333034549825,0.098006454059018,-48.237858289705,-37.818049934212,21.600893416359,"fixed index i/570; measured cycle lengths 571, not inferred from outcomes",0.54831707581956
AF10,304500,0.2,900,SC9-TS,571,571,0.13359737537799,0.098313665708645,-48.237858289705,-37.876210398918,21.480323252657,"fixed index i/570; measured cycle lengths 571, not inferred from outcomes",0.54831707581956
AF10,304500,0.2,900,SC16-TS,571,571,0.13331459050606,0.09804096428127,-48.237858289705,-37.806772330355,21.624272571771,"fixed index i/570; measured cycle lengths 571, not inferred from outcomes",0.54831707581956
AF10,304500,0.2,900,ANFIS-TS,571,571,0.13330224867231,0.098014803333084,-48.237858289705,-37.790067946121,21.658901771379,"fixed index i/570; measured cycle lengths 571, not inferred from outcomes",0.54831707581956
AF10,304500,0.2,900,Unfitted early-cycle template,571,571,0.13328842343062,0.09800251341049,-48.237858289705,-37.794477186297,21.64976114961,"fixed index i/570; measured cycle lengths 571, not inferred from outcomes",0.54831707581956
AF10,609000,0.4,900,FCM-TS,571,571,0.13707741210359,0.10174725563345,-46.814210136721,-37.818049934212,19.21672965588,"fixed index i/570; measured cycle lengths 571, not inferred from outcomes",0.60577018457202
AF10,609000,0.4,900,SC9-TS,571,571,0.13736158772047,0.10212713774129,-46.814210136721,-37.876210398918,19.092492881328,"fixed index i/570; measured cycle lengths 571, not inferred from outcomes",0.60577018457202
AF10,609000,0.4,900,SC16-TS,571,571,0.13708771517087,0.10185805433956,-46.814210136721,-37.806772330355,19.240819785403,"fixed index i/570; measured cycle lengths 571, not inferred from outcomes",0.60577018457202
AF10,609000,0.4,900,ANFIS-TS,571,571,0.13707647949994,0.10183831328474,-46.814210136721,-37.790067946121,19.276502079699,"fixed index i/570; measured cycle lengths 571, not inferred from outcomes",0.60577018457202
AF10,609000,0.4,900,Unfitted early-cycle template,571,571,0.1370628576771,0.10182983784331,-46.814210136721,-37.794477186297,19.267083486151,"fixed index i/570; measured cycle lengths 571, not inferred from outcomes",0.60577018457202
AF10,892500,0.58620689655172,900,FCM-TS,571,571,0.13712758034925,0.10193365786749,-44.847847383289,-37.818049934212,15.67477116348,"fixed index i/570; measured cycle lengths 571, not inferred from outcomes",0.61948812989136
AF10,892500,0.58620689655172,900,SC9-TS,571,571,0.1374105527628,0.10231911424495,-44.847847383289,-37.876210398918,15.545087202934,"fixed index i/570; measured cycle lengths 571, not inferred from outcomes",0.61948812989136
AF10,892500,0.58620689655172,900,SC16-TS,571,571,0.13713761319508,0.10204004071762,-44.847847383289,-37.806772330355,15.699917529504,"fixed index i/570; measured cycle lengths 571, not inferred from outcomes",0.61948812989136
AF10,892500,0.58620689655172,900,ANFIS-TS,571,571,0.13712674358677,0.10202035676855,-44.847847383289,-37.790067946121,15.737164321063,"fixed index i/570; measured cycle lengths 571, not inferred from outcomes",0.61948812989136
AF10,892500,0.58620689655172,900,Unfitted early-cycle template,571,571,0.13711281493031,0.10201078068799,-44.847847383289,-37.794477186297,15.727332767414,"fixed index i/570; measured cycle lengths 571, not inferred from outcomes",0.61948812989136
AF10,1207500,0.79310344827586,900,FCM-TS,571,571,0.1374221271495,0.10258150786689,-42.93949798523,-37.818049934212,11.927126052522,"fixed index i/570; measured cycle lengths 571, not inferred from outcomes",0.58897546878421
AF10,1207500,0.79310344827586,900,SC9-TS,571,571,0.13770189924692,0.10298022777651,-42.93949798523,-37.876210398918,11.791678580066,"fixed index i/570; measured cycle lengths 571, not inferred from outcomes",0.58897546878421
AF10,1207500,0.79310344827586,900,SC16-TS,571,571,0.13743250619002,0.10271043714285,-42.93949798523,-37.806772330355,11.953389992219,"fixed index i/570; measured cycle lengths 571, not inferred from outcomes",0.58897546878421
AF10,1207500,0.79310344827586,900,ANFIS-TS,571,571,0.13742143539695,0.10268927686117,-42.93949798523,-37.790067946121,11.992292133644,"fixed index i/570; measured cycle lengths 571, not inferred from outcomes",0.58897546878421
AF10,1207500,0.79310344827586,900,Unfitted early-cycle template,571,571,0.137407791567,0.10268420055436,-42.93949798523,-37.794477186297,11.982023638709,"fixed index i/570; measured cycle lengths 571, not inferred from outcomes",0.58897546878421
AF10,1522500,1,900,FCM-TS,571,571,0.13800980347736,0.10418438349387,-41.838007253585,-37.818049934212,9.6083862097163,"fixed index i/570; measured cycle lengths 571, not inferred from outcomes",0.52246008236646
AF10,1522500,1,900,SC9-TS,571,571,0.13828816855208,0.10458514516417,-41.838007253585,-37.876210398918,9.4693727420011,"fixed index i/570; measured cycle lengths 571, not inferred from outcomes",0.52246008236646
AF10,1522500,1,900,SC16-TS,571,571,0.13802112653249,0.10430185871511,-41.838007253585,-37.806772330355,9.6353416136598,"fixed index i/570; measured cycle lengths 571, not inferred from outcomes",0.52246008236646
AF10,1522500,1,900,ANFIS-TS,571,571,0.13801035542502,0.10427989716418,-41.838007253585,-37.790067946121,9.675267951767,"fixed index i/570; measured cycle lengths 571, not inferred from outcomes",0.52246008236646
AF10,1522500,1,900,Unfitted early-cycle template,571,571,0.13799685358852,0.10427826754001,-41.838007253585,-37.794477186297,9.6647291128853,"fixed index i/570; measured cycle lengths 571, not inferred from outcomes",0.52246008236646
AF19,199500,0.2,900,FCM-TS,571,571,0.055036889166732,0.041016883199311,-2.3048912429678,-2.6643306236826,15.594635183395,"fixed index i/570; measured cycle lengths 571, not inferred from outcomes",1.0467425611934
AF19,199500,0.2,900,SC9-TS,571,571,0.055758769589236,0.042010282409376,-2.3048912429678,-2.6616733640638,15.479347330795,"fixed index i/570; measured cycle lengths 571, not inferred from outcomes",1.0467425611934
AF19,199500,0.2,900,SC16-TS,571,571,0.055101521148498,0.041056270011409,-2.3048912429678,-2.6618669579834,15.487746595625,"fixed index i/570; measured cycle lengths 571, not inferred from outcomes",1.0467425611934
AF19,199500,0.2,900,ANFIS-TS,571,571,0.055064499128005,0.040990815008394,-2.3048912429678,-2.6642679080054,15.591914201337,"fixed index i/570; measured cycle lengths 571, not inferred from outcomes",1.0467425611934
AF19,199500,0.2,900,Unfitted early-cycle template,571,571,0.055030194788031,0.040970248801288,-2.3048912429678,-2.6615054493515,15.472062183922,"fixed index i/570; measured cycle lengths 571, not inferred from outcomes",1.0467425611934
AF19,399000,0.4,900,FCM-TS,571,571,0.06467045420659,0.045935511959613,-2.4512529288961,-2.6643306236826,8.6926033733472,"fixed index i/570; measured cycle lengths 571, not inferred from outcomes",1.4323247318301
AF19,399000,0.4,900,SC9-TS,571,571,0.065263077970987,0.046832853019639,-2.4512529288961,-2.6616733640638,8.584199234898,"fixed index i/570; measured cycle lengths 571, not inferred from outcomes",1.4323247318301
AF19,399000,0.4,900,SC16-TS,571,571,0.064715557601884,0.045945535813444,-2.4512529288961,-2.6618669579834,8.5920969886246,"fixed index i/570; measured cycle lengths 571, not inferred from outcomes",1.4323247318301
AF19,399000,0.4,900,ANFIS-TS,571,571,0.064680541007445,0.045893765092466,-2.4512529288961,-2.6642679080054,8.6900448582125,"fixed index i/570; measured cycle lengths 571, not inferred from outcomes",1.4323247318301
AF19,399000,0.4,900,Unfitted early-cycle template,571,571,0.064659267653176,0.04587612263791,-2.4512529288961,-2.6615054493515,8.5773490763388,"fixed index i/570; measured cycle lengths 571, not inferred from outcomes",1.4323247318301
AF19,609000,0.61052631578947,900,FCM-TS,571,571,0.068474490474674,0.050263585481833,-2.1954723482374,-2.6643306236826,21.355690306081,"fixed index i/570; measured cycle lengths 571, not inferred from outcomes",1.5121045221172
AF19,609000,0.61052631578947,900,SC9-TS,571,571,0.069026720487766,0.05109616397249,-2.1954723482374,-2.6616733640638,21.234656687921,"fixed index i/570; measured cycle lengths 571, not inferred from outcomes",1.5121045221172
AF19,609000,0.61052631578947,900,SC16-TS,571,571,0.068508807071837,0.050265824910681,-2.1954723482374,-2.6618669579834,21.243474558923,"fixed index i/570; measured cycle lengths 571, not inferred from outcomes",1.5121045221172
AF19,609000,0.61052631578947,900,ANFIS-TS,571,571,0.068472326645942,0.050211725702071,-2.1954723482374,-2.6642679080054,21.35283371455,"fixed index i/570; measured cycle lengths 571, not inferred from outcomes",1.5121045221172
AF19,609000,0.61052631578947,900,Unfitted early-cycle template,571,571,0.068458935586368,0.05020091060028,-2.1954723482374,-2.6615054493515,21.227008460766,"fixed index i/570; measured cycle lengths 571, not inferred from outcomes",1.5121045221172
AF19,787500,0.78947368421053,900,FCM-TS,571,571,0.06813008655689,0.052261316628273,-2.0970392263205,-2.6643306236826,27.052016492676,"fixed index i/570; measured cycle lengths 571, not inferred from outcomes",1.4797915911299
AF19,787500,0.78947368421053,900,SC9-TS,571,571,0.068673870876622,0.053075919996028,-2.0970392263205,-2.6616733640638,26.925301666104,"fixed index i/570; measured cycle lengths 571, not inferred from outcomes",1.4797915911299
AF19,787500,0.78947368421053,900,SC16-TS,571,571,0.068166812087367,0.052255304273407,-2.0970392263205,-2.6618669579834,26.934533439984,"fixed index i/570; measured cycle lengths 571, not inferred from outcomes",1.4797915911299
AF19,787500,0.78947368421053,900,ANFIS-TS,571,571,0.068125381738485,0.052204011877841,-2.0970392263205,-2.6642679080054,27.049025815326,"fixed index i/570; measured cycle lengths 571, not inferred from outcomes",1.4797915911299
AF19,787500,0.78947368421053,900,Unfitted early-cycle template,571,571,0.068112960807848,0.052192747682967,-2.0970392263205,-2.6615054493515,26.917294438094,"fixed index i/570; measured cycle lengths 571, not inferred from outcomes",1.4797915911299
AF19,997500,1,900,FCM-TS,571,571,0.070542811700532,0.054815656209503,-2.1305066977069,-2.6643306236826,25.056195624745,"fixed index i/570; measured cycle lengths 571, not inferred from outcomes",1.5141022209528
AF19,997500,1,900,SC9-TS,571,571,0.071074303945327,0.055519603083285,-2.1305066977069,-2.6616733640638,24.931471322229,"fixed index i/570; measured cycle lengths 571, not inferred from outcomes",1.5141022209528
AF19,997500,1,900,SC16-TS,571,571,0.070574730153724,0.054814013672742,-2.1305066977069,-2.6618669579834,24.940558077025,"fixed index i/570; measured cycle lengths 571, not inferred from outcomes",1.5141022209528
AF19,997500,1,900,ANFIS-TS,571,571,0.070534494847305,0.054760513004143,-2.1305066977069,-2.6642679080054,25.053251927021,"fixed index i/570; measured cycle lengths 571, not inferred from outcomes",1.5141022209528
AF19,997500,1,900,Unfitted early-cycle template,571,571,0.070526096103327,0.05475086832885,-2.1305066977069,-2.6615054493515,24.923589877289,"fixed index i/570; measured cycle lengths 571, not inferred from outcomes",1.5141022209528
AF36,315000,0.2,900,FCM-TS,571,571,0.037630232721429,0.035798909483568,-25.552719189544,-23.241643217581,9.0443445756978,"fixed index i/570; measured cycle lengths 571, not inferred from outcomes",-1.7470863462538
AF36,315000,0.2,900,SC9-TS,571,571,0.038949056890634,0.036752518267936,-25.552719189544,-23.343693903718,8.6449714781419,"fixed index i/570; measured cycle lengths 571, not inferred from outcomes",-1.7470863462538
AF36,315000,0.2,900,SC16-TS,571,571,0.037697615427268,0.035816531293111,-25.552719189544,-23.234330313481,9.0729634637525,"fixed index i/570; measured cycle lengths 571, not inferred from outcomes",-1.7470863462538
AF36,315000,0.2,900,ANFIS-TS,571,571,0.037613472275156,0.035738202019603,-25.552719189544,-23.229065760233,9.0935661761666,"fixed index i/570; measured cycle lengths 571, not inferred from outcomes",-1.7470863462538
AF36,315000,0.2,900,Unfitted early-cycle template,571,571,0.037594766897461,0.035710460331161,-25.552719189544,-23.230921083092,9.0863054112935,"fixed index i/570; measured cycle lengths 571, not inferred from outcomes",-1.7470863462538
AF36,630000,0.4,900,FCM-TS,571,571,0.052233617394609,0.043389962928649,-26.757490214339,-23.241643217581,13.139674044891,"fixed index i/570; measured cycle lengths 571, not inferred from outcomes",-1.6081740718381
AF36,630000,0.4,900,SC9-TS,571,571,0.053166371809585,0.044018627486548,-26.757490214339,-23.343693903718,12.758282945354,"fixed index i/570; measured cycle lengths 571, not inferred from outcomes",-1.6081740718381
AF36,630000,0.4,900,SC16-TS,571,571,0.052283382578073,0.043391503755892,-26.757490214339,-23.234330313481,13.167004351438,"fixed index i/570; measured cycle lengths 571, not inferred from outcomes",-1.6081740718381
AF36,630000,0.4,900,ANFIS-TS,571,571,0.052223869003418,0.043364708194558,-26.757490214339,-23.229065760233,13.186679415154,"fixed index i/570; measured cycle lengths 571, not inferred from outcomes",-1.6081740718381
AF36,630000,0.4,900,Unfitted early-cycle template,571,571,0.052210519149662,0.043334238879101,-26.757490214339,-23.230921083092,13.179745570298,"fixed index i/570; measured cycle lengths 571, not inferred from outcomes",-1.6081740718381
AF36,945000,0.6,900,FCM-TS,571,571,0.062474931707621,0.049194543008361,-26.364215319442,-23.241643217581,11.843978908632,"fixed index i/570; measured cycle lengths 571, not inferred from outcomes",-1.5830261978711
AF36,945000,0.6,900,SC9-TS,571,571,0.063249155448586,0.049767426400276,-26.364215319442,-23.343693903718,11.456898599582,"fixed index i/570; measured cycle lengths 571, not inferred from outcomes",-1.5830261978711
AF36,945000,0.6,900,SC16-TS,571,571,0.062515740508695,0.049203566344228,-26.364215319442,-23.234330313481,11.871716901252,"fixed index i/570; measured cycle lengths 571, not inferred from outcomes",-1.5830261978711
AF36,945000,0.6,900,ANFIS-TS,571,571,0.062466799818999,0.049164802918404,-26.364215319442,-23.229065760233,11.891685457816,"fixed index i/570; measured cycle lengths 571, not inferred from outcomes",-1.5830261978711
AF36,945000,0.6,900,Unfitted early-cycle template,571,571,0.06245498600474,0.049139202951553,-26.364215319442,-23.230921083092,11.884648180823,"fixed index i/570; measured cycle lengths 571, not inferred from outcomes",-1.5830261978711
AF36,1260000,0.8,900,FCM-TS,571,571,0.068432144823728,0.053902041757886,-26.556418395142,-23.241643217581,12.482011422773,"fixed index i/570; measured cycle lengths 571, not inferred from outcomes",-1.5663355945915
AF36,1260000,0.8,900,SC9-TS,571,571,0.069132025585185,0.054410104791516,-26.556418395142,-23.343693903718,12.097732622,"fixed index i/570; measured cycle lengths 571, not inferred from outcomes",-1.5663355945915
AF36,1260000,0.8,900,SC16-TS,571,571,0.068469054475219,0.053881495599027,-26.556418395142,-23.234330313481,12.50954866063,"fixed index i/570; measured cycle lengths 571, not inferred from outcomes",-1.5663355945915
AF36,1260000,0.8,900,ANFIS-TS,571,571,0.068425808143649,0.053857856714758,-26.556418395142,-23.229065760233,12.529372694015,"fixed index i/570; measured cycle lengths 571, not inferred from outcomes",-1.5663355945915
AF36,1260000,0.8,900,Unfitted early-cycle template,571,571,0.068414850519598,0.05382544231842,-26.556418395142,-23.230921083092,12.522386349579,"fixed index i/570; measured cycle lengths 571, not inferred from outcomes",-1.5663355945915
AF36,1575000,1,900,FCM-TS,571,571,0.070816648021502,0.056481677455325,-26.764212470429,-23.241643217581,13.161490392219,"fixed index i/570; measured cycle lengths 571, not inferred from outcomes",-1.556247156681
AF36,1575000,1,900,SC9-TS,571,571,0.071489246726696,0.056972885936018,-26.764212470429,-23.343693903718,12.7801950851,"fixed index i/570; measured cycle lengths 571, not inferred from outcomes",-1.556247156681
AF36,1575000,1,900,SC16-TS,571,571,0.070852293567168,0.056480500910859,-26.764212470429,-23.234330313481,13.188813834326,"fixed index i/570; measured cycle lengths 571, not inferred from outcomes",-1.556247156681
AF36,1575000,1,900,ANFIS-TS,571,571,0.070810230561734,0.056457547621995,-26.764212470429,-23.229065760233,13.208483956338,"fixed index i/570; measured cycle lengths 571, not inferred from outcomes",-1.556247156681
AF36,1575000,1,900,Unfitted early-cycle template,571,571,0.070799557564414,0.05642938035057,-26.764212470429,-23.230921083092,13.201551853026,"fixed index i/570; measured cycle lengths 571, not inferred from outcomes",-1.556247156681
