condition,model,force_nrmse,joint_nrmse,loop_area_error_pct
AF10,ANFIS-TS,0.136587452516,0.101768529482,15.6680256515
AF10,FCM-TS,0.136588075612,0.101690651784,15.6055812996
AF10,SC16-TS,0.136598710319,0.101790271039,15.6307482985
AF10,SC9-TS,0.136871916732,0.102065058127,15.4757909318
AF10,Unfitted early-cycle template,0.136573748239,0.101761120007,15.658186031
AF19,ANFIS-TS,0.0653754486734,0.048812166137,19.5474141033
AF19,FCM-TS,0.0653709464211,0.0488585906957,19.550228196
AF19,SC16-TS,0.0654134856127,0.0488673897363,19.439681932
AF19,SC9-TS,0.065959348574,0.0497069644962,19.4309952484
AF19,Unfitted early-cycle template,0.0653574909877,0.0487981796103,19.4234608073
AF36,ANFIS-TS,0.0583080359606,0.0477166234939,11.9819575399
AF36,FCM-TS,0.0583175149338,0.0477534269268,11.9342998688
AF36,SC16-TS,0.0583636173113,0.0477547195806,11.9620094423
AF36,SC9-TS,0.0591971712921,0.0483843125765,11.547616146
AF36,Unfitted early-cycle template,0.0582949360272,0.0476877449662,11.974927473
