condition,model,nrmse_pair,nrmse_force,reversal_force_nrmse,completed_area_error_pct
AF10,ANFIS-TS,0.0019720240825,0.00229230556663,0.00346499911569,0.0241181747535
AF10,Cubic spline (clamped),0.000217569790605,0.00028962189848,0.000307023401193,0.00618057574867
AF10,FCM-TS,0.00532619934296,0.00234222662145,0.00255549902442,0.0864534596124
AF10,Linear (clamped),0.000209251566279,0.000235336442501,0.00025961306486,0.00945711719429
AF10,PCHIP (clamped),0.00020098553716,0.000257660999602,0.00027423009728,0.00589892785156
AF10,SC16-TS,0.00329119767438,0.00303629725433,0.00493266858887,0.047557589013
AF10,SC9-TS,0.00963649871032,0.0105959939563,0.0142465808941,0.125866529659
AF19,ANFIS-TS,0.00236103899449,0.00231408623779,0.00290604822143,0.131906258424
AF19,Cubic spline (clamped),0.000985133635926,0.00139229571756,0.00124573493829,0.109804104758
AF19,FCM-TS,0.00317360744846,0.00202671988309,0.00283979408915,0.219271528053
AF19,Linear (clamped),0.000743952384399,0.00104646400949,0.000929364071003,0.0754171654616
AF19,PCHIP (clamped),0.000854511825955,0.00120698862214,0.00104403172882,0.0866831854077
AF19,SC16-TS,0.00297892938122,0.00302674261229,0.0045339182615,0.0620490693201
AF19,SC9-TS,0.00986682840496,0.00946742227663,0.0142254665505,0.0989086646294
AF24,ANFIS-TS,0.00186205255153,0.00190006455895,0.00271307344926,0.0463758588617
AF24,Cubic spline (clamped),0.00104859636005,0.00148247466257,0.00160201800943,0.0372178560196
AF24,FCM-TS,0.00305484037215,0.00254306532611,0.00403048104952,0.0652010245641
AF24,Linear (clamped),0.000804042946401,0.00113188981007,0.00121490961458,0.0342519751926
AF24,PCHIP (clamped),0.000919968129623,0.00130008250493,0.00140039763889,0.0322396573965
AF24,SC16-TS,0.00307889737625,0.00311541447209,0.00535510592964,0.0413949546144
AF24,SC9-TS,0.00884256981763,0.00835929614838,0.0134733526785,0.0673562769286
AF28,ANFIS-TS,0.00351616436806,0.00345892306954,0.0049074711471,0.182688288868
AF28,Cubic spline (clamped),0.00158400808502,0.00223231292491,0.00231220677107,0.148141177142
AF28,FCM-TS,0.00259446765115,0.00289538153768,0.00282646236883,0.16759600307
AF28,Linear (clamped),0.00121948923734,0.00170080344908,0.00168633824069,0.0814508917566
AF28,PCHIP (clamped),0.00136847137726,0.00192483192745,0.00180367089387,0.110884922756
AF28,SC16-TS,0.00344788603288,0.00334045547931,0.00482697825962,0.0818115541778
AF28,SC9-TS,0.0113268505261,0.0116571384214,0.0161199838054,0.164411420123
AF29,ANFIS-TS,0.00326295634086,0.0027727994129,0.00326295696606,0.146657045245
AF29,Cubic spline (clamped),0.000181249455921,0.000205688052488,0.000158505101516,0.00496150745811
AF29,FCM-TS,0.00571071695324,0.00219180994674,0.0028376980093,0.362002451594
AF29,Linear (clamped),0.000189921198335,0.000176813540349,0.000143516845687,0.00804711783237
AF29,PCHIP (clamped),0.000172859602133,0.000186699989639,0.000145543395806,0.00463971171777
AF29,SC16-TS,0.00359487752355,0.00315573623176,0.00510090818632,0.0671504754141
AF29,SC9-TS,0.00973825168225,0.0104822622927,0.0139700025934,0.101909786125
AF36,ANFIS-TS,0.00259643012555,0.00243817761325,0.00339919431188,0.0410639805752
AF36,Cubic spline (clamped),0.000275178192389,0.000368456689646,0.000403355919889,0.0056764371214
AF36,FCM-TS,0.00419911268778,0.00169386203973,0.00210540053372,0.0603231586384
AF36,Linear (clamped),0.000236053813551,0.000289275271947,0.000328634988952,0.0073644094823
AF36,PCHIP (clamped),0.00024668693657,0.000323126456635,0.000355985163626,0.00419733261186
AF36,SC16-TS,0.00302183357409,0.00304840407329,0.00422857020166,0.0321814520154
AF36,SC9-TS,0.00937295191415,0.0108947858719,0.015731844907,0.111780315021
AF38,ANFIS-TS,0.0024651731651,0.00220893531113,0.00296488039062,0.0611774143124
AF38,Cubic spline (clamped),0.000977635398278,0.00138176913195,0.00138729675041,0.028342009275
AF38,FCM-TS,0.00398516555795,0.00282028852834,0.00429675642839,0.0986650580198
AF38,Linear (clamped),0.000741218267115,0.00103834442904,0.00109408691098,0.0231825715444
AF38,PCHIP (clamped),0.000850086693878,0.00120012446188,0.00118679476597,0.0250410888146
AF38,SC16-TS,0.00300747109331,0.00303835625273,0.00506916494688,0.0542441591829
AF38,SC9-TS,0.00882272717077,0.00849614438424,0.0139126106626,0.0946943432343
AF39,ANFIS-TS,0.00505296420437,0.00410128436703,0.00208220996437,0.0714714753234
AF39,Cubic spline (clamped),0.000268673629275,0.000157574444208,9.39901407461e-05,0.000889788667572
AF39,FCM-TS,0.0125026504309,0.00169449427882,0.00170970430709,0.137000495912
AF39,Linear (clamped),0.000357881089402,0.000157162067725,6.78549287586e-05,0.00547786127432
AF39,PCHIP (clamped),0.000277466384063,0.000150047829555,7.97497706113e-05,0.00180476596125
AF39,SC16-TS,0.00581838641976,0.00279390917359,0.000803778428447,0.0460676624404
AF39,SC9-TS,0.0315197598827,0.0104864775109,0.00292420672559,0.190615600578
AF40,ANFIS-TS,0.00490157634778,0.00291169033212,0.00166135965265,0.0648144472915
AF40,Cubic spline (clamped),0.000304566201935,0.000145081103559,0.000116183890813,0.000898542170004
AF40,FCM-TS,0.0115250738396,0.00128151167916,0.00117101829973,0.092808443366
AF40,Linear (clamped),0.000373523476733,0.000140405328701,8.65573080853e-05,0.00786720823263
AF40,PCHIP (clamped),0.0003086379157,0.000136120906276,9.94532546602e-05,0.0014303526957
AF40,SC16-TS,0.00823196388968,0.00294780546871,0.00103064104583,0.0515207429323
AF40,SC9-TS,0.0181375223186,0.0107321875492,0.00504745832015,0.347709250532
