task,condition,snapshot,filename,sha256,rows
within,AF10,1522500,AF10_1522500cycle.mat,99712d00faad5760dc5e31599fba3b5f254d367935e497c3b7a65e7d23c5d1d2,571
within,AF19,997500,AF19_997500cycle.mat,a45b38ef477cc8557ddfec05bed8cb3085060661f70d4d20d3a6a1aa41bf4b8e,571
within,AF24,1575000,AF24_1575000cycle.mat,e8354733d590b21697f0716706c9ac8dc6f5cd5ed88cdbfc51de1a21525ee869,571
within,AF28,1575000,AF28_1575000cycle.mat,a413accca5f6ddaad225c35e9a4d8e31ee8727a1a0d056e43e3dec8a3bef7617,571
within,AF29,1575000,AF29_1575000cycle.mat,49c2b93e80f91eb0b6177d4d5ca2fb8f0c2bc0bc406f298a09d948f732087aee,571
within,AF36,1575000,AF36_1575000cycle.mat,be25af6c5baec7059d75e8e44b7859ae5ba997e27fe4dcd84e01d964afedfc2c,571
within,AF38,1575000,AF38_1575000cycle.mat,a92d7f3dfb53008b1e8098fc154bf6e673d491f9bea046e9800889a60ac99a11,571
within,AF39,1575000,AF39_1575000cycle.mat,9f5d058c1c0d8ad01bcec4bb3209417a7a8bf33b6927b299ceb0ab511c68a223,571
within,AF40,1575000,AF40_1575000cycle.mat,80d77f0c32c576d1049ded855836fb1d48f320a91c6834c3e21e030e6c96c7ea,571
